"id","x","y","kind","name","filename"
"0","205","185","2","古都ブルンネンシュティグ","[000]T01.rmd"
"1","250","310","1","中央プラトン街道 / グレートフォレスト入口付近","[001]G07.rmd"
"2","200","200","1","狼の巣窟","[002]G07_C01_B01.rmd"
"3","120","120","1","旧レッドアイ研究所　Ｂ１","[003]G07_D01_B01.rmd"
"4","150","150","1","旧レッドアイ研究所　Ｂ２","[004]G07_D01_B02.rmd"
"5","180","180","1","旧レッドアイ研究所　Ｂ３","[005]G07_D01_B03.rmd"
"6","240","280","1","バヘル大河 / 北、東バヘル大河の交差地点","[006]G08.rmd"
"7","150","200","1","蟲の洞穴","[007]G08_C01_B01.rmd"
"8","150","150","1","オーガの巣窟　Ｂ１","[008]G08_C02_B01.rmd"
"9","120","130","1","オーガの巣窟　Ｂ２","[009]G08_C02_B02.rmd"
"10","195","180","1","中央プラトン街道 / ブルンネンシュティグ入口付近","[010]G13.rmd"
"11","150","150","1","コボルトの洞窟　Ｂ１","[011]G13_C01_B01.rmd"
"12","100","150","1","コボルトの洞窟　Ｂ２","[012]G13_C01_B02.rmd"
"13","120","120","1","地下墓地　Ｂ１","[013]G13_D01_B01.rmd"
"14","100","100","1","地下墓地　Ｂ２","[014]G13_D01_B02.rmd"
"15","150","100","1","地下墓地　Ｂ３","[015]G13_D01_B03.rmd"
"16","215","220","1","東プラトン街道 / イースタンブリッジ付近","[016]G16.rmd"
"17","120","120","1","枯れ井戸","[017]G16_D01_B01.rmd"
"18","180","170","1","オート地下監獄　Ｂ１","[018]G16_D02_B01.rmd"
"19","150","130","1","オート地下監獄　Ｂ２","[019]G16_D02_B02.rmd"
"20","120","90","1","オート地下監獄　Ｂ３","[020]G16_D02_B03.rmd"
"21","150","100","1","アルパス地下監獄　Ｂ１","[021]G16_D03_B01.rmd"
"22","100","150","1","アルパス地下監獄　Ｂ２","[022]G16_D03_B02.rmd"
"23","200","200","1","アルパス地下監獄　Ｂ３","[023]G16_D03_B03.rmd"
"24","200","200","1","ギルディル川 / ナス橋付近","[024]G19.rmd"
"25","120","200","1","ギルディル川　沼地洞窟　Ｂ１","[025]G19_C01_B01.rmd"
"26","250","100","1","ギルディル川　沼地洞窟　Ｂ２","[026]G19_C01_B02.rmd"
"27","40","40","1","牢屋","[027]Prison.rmd"
"28","150","100","3","ラウンジ","[028]Prison.rmd"
"29","180","210","1","東プラトン街道 / 道の中間地点","[029]G15.rmd"
"30","350","475","1","東プラトン街道 / エルベルグ山脈 峠","[030]M19.rmd"
"31","150","250","1","エルベルグ山脈 / ハノブ西部地域","[031]M12.rmd"
"32","100","100","1","路上強盗団アジト　１Ｆ","[032]G15_D01_F01.rmd"
"33","90","90","1","路上強盗団アジト　Ｂ１","[033]G15_D01_B01.rmd"
"34","150","150","1","路上強盗団アジト　Ｂ２","[034]G15_D01_B02.rmd"
"35","200","205","1","路上強盗団アジト　Ｂ３","[035]G15_D01_B03.rmd"
"36","125","125","2","鉱山町ハノブ","[036]T06.rmd"
"37","150","150","1","廃坑　Ｂ１","[037]M12_M01_B01.rmd"
"38","150","120","1","廃坑　Ｂ２","[038]M12_M01_B02.rmd"
"39","120","120","1","廃坑　Ｂ３","[039]M12_M01_B03.rmd"
"40","100","120","1","廃坑　Ｂ４","[040]M12_M01_B04.rmd"
"41","100","100","1","廃坑　Ｂ５","[041]M12_M01_B05.rmd"
"42","120","100","1","廃坑　Ｂ６","[042]M12_M01_B06.rmd"
"43","130","150","1","廃坑　Ｂ７","[043]M12_M01_B07.rmd"
"44","150","160","1","廃坑　Ｂ８","[044]M12_M01_B08.rmd"
"45","160","160","1","廃坑　Ｂ９","[045]M12_M01_B09.rmd"
"46","170","170","1","廃坑　Ｂ１０","[046]M12_M01_B10.rmd"
"47","250","100","1","キャンサー気孔　Ｂ１","[047]M19_C01_B01.rmd"
"48","200","120","1","キャンサー気孔　Ｂ２","[048]M19_C01_B02.rmd"
"49","180","140","1","キャンサー気孔　Ｂ３","[049]M19_C01_B03.rmd"
"50","160","160","1","キャンサー気孔　Ｂ４","[050]M19_C01_B04.rmd"
"51","140","180","1","キャンサー気孔　Ｂ５","[051]M19_C01_B05.rmd"
"52","120","200","1","キャンサー気孔　Ｂ６","[052]M19_C01_B06.rmd"
"53","100","220","1","キャンサー気孔　Ｂ７","[053]M19_C01_B07.rmd"
"54","75","75","1","路上強盗団アジト　２Ｆ","[054]G15_D01_F02.rmd"
"55","75","75","1","ハノブ高台望楼　１Ｆ","[055]M19_D01_F01.rmd"
"56","50","50","1","ハノブ高台望楼　２Ｆ","[056]M19_D01_F02.rmd"
"57","90","90","1","ハノブ高台望楼　Ｂ１","[057]M19_D01_B01.rmd"
"58","100","100","1","ハノブ高台望楼　Ｂ２","[058]M19_D01_B02.rmd"
"59","120","120","1","ハノブ高台望楼　Ｂ３","[059]M19_D01_B03.rmd"
"60","30","30","3","ゼンシの防具店","[060]T01_A01.rmd"
"61","30","30","3","ワリドの武器店","[061]T01_W01.rmd"
"62","30","30","3","クリムスン商店","[062]T01_B01.rmd"
"63","150","150","1","鉄鉱山　Ｂ１","[063]T06_M01_B01.rmd"
"64","150","120","1","鉄鉱山　Ｂ２","[064]T06_M01_B02.rmd"
"65","120","120","1","鉄鉱山　Ｂ３","[065]T06_M01_B03.rmd"
"66","100","120","1","鉄鉱山　Ｂ４","[066]T06_M01_B04.rmd"
"67","100","100","1","鉄鉱山　Ｂ５","[067]T06_M01_B05.rmd"
"68","380","220","1","鉄の道 / ハノブ入口付近","[068]G24.rmd"
"69","340","260","1","鉄の道 / 道の中間地点","[069]G26.rmd"
"70","195","120","1","鉄の道 / アウグスタ入口付近","[070]G27.rmd"
"71","200","200","2","神聖都市アウグスタ","[071]T03.rmd"
"72","260","250","1","テンドペンド平原 / ブンド川","[072]G29.rmd"
"73","260","210","1","テンドペンド平原 / ブリッジヘッド北部地域","[073]G30.rmd"
"74","150","150","2","港街ブリッジヘッド","[074]T04.rmd"
"75","55","40","1","やぶ森の中","[075]G26_G01.rmd"
"76","55","40","1","やぶ森の中","[076]G26_G02.rmd"
"77","55","40","1","やぶ森の中","[077]G26_G03.rmd"
"78","55","40","1","やぶ森の中","[078]G26_G04.rmd"
"79","55","44","1","やぶ森の中","[079]G26_G05.rmd"
"80","55","40","1","やぶ森の中","[080]G26_G06.rmd"
"81","55","40","1","やぶ森の中","[081]G26_G07.rmd"
"82","55","40","1","やぶ森の中","[082]G26_G08.rmd"
"83","55","40","1","やぶ森の中","[083]G26_G09.rmd"
"84","55","40","1","やぶ森の中","[084]G26_G10.rmd"
"85","55","40","1","やぶ森の中","[085]G26_G11.rmd"
"86","55","40","1","やぶ森の中","[086]G26_G12.rmd"
"87","50","50","1","やぶ森の中","[087]G26_G13.rmd"
"88","50","50","1","やぶ森の中","[088]G26_G14.rmd"
"89","50","50","1","やぶ森の中","[089]G26_G15.rmd"
"90","50","50","1","やぶ森の中","[090]G26_G16.rmd"
"91","50","50","1","やぶ森の中","[091]G26_G17.rmd"
"92","100","100","1","やぶ森の中","[092]G26_G18.rmd"
"93","30","100","1","滝裏の洞窟","[093]G26_C01.rmd"
"94","40","40","3","ブルンネンシュティグ銀行","[094]T01_Bank01.rmd"
"95","65","50","3","ブルンギルド連合会","[095]T01_GUILD_CRT.rmd"
"96","70","70","1","ハノブ南側望楼　１Ｆ","[096]G24_H01_F01.rmd"
"97","60","60","1","ハノブ南側望楼　２Ｆ","[097]G24_H01_F02.rmd"
"98","150","150","1","ハノブ南側望楼　Ｂ１","[098]G24_H01_B01.rmd"
"99","150","150","1","ハノブ南側望楼　Ｂ２","[099]G24_H01_B02.rmd"
"100","80","80","1","ハノブ南側望楼　Ｂ３","[100]G24_H01_B03.rmd"
"101","50","50","1","麻薬巣窟　１Ｆ","[101]G27_H01_F01.rmd"
"102","80","115","1","麻薬巣窟　Ｂ１","[102]G27_H01_B01.rmd"
"103","130","80","1","麻薬巣窟　Ｂ２","[103]G27_H01_B02.rmd"
"104","80","85","1","麻薬巣窟　Ｂ３","[104]G27_H01_B03.rmd"
"105","50","50","1","シーフギルドの倉庫[Ａ]　１Ｆ","[105]T04_H01_F01.rmd"
"106","100","100","1","シーフギルドの倉庫[Ａ]　Ｂ１","[106]T04_H01_B01.rmd"
"107","60","60","1","シーフギルドの倉庫[Ｂ]　１Ｆ","[107]T04_H02_F01.rmd"
"108","80","80","1","シーフギルドの倉庫[Ｂ]　Ｂ１","[108]T04_H02_B01.rmd"
"109","100","100","1","シーフギルドの倉庫[Ｂ]　Ｂ２","[109]T04_H02_B02.rmd"
"110","60","60","1","シーフギルドの倉庫[Ｃ]　１Ｆ","[110]T04_H03_F01.rmd"
"111","120","120","1","シーフギルドの倉庫[Ｃ]　Ｂ１","[111]T04_H03_B01.rmd"
"112","100","101","1","シーフギルドの倉庫[Ｃ]　Ｂ２","[112]T04_H03_B02.rmd"
"113","80","80","1","シーフギルドの倉庫[Ｃ]　Ｂ３","[113]T04_H03_B03.rmd"
"114","150","150","257","オート地下監獄　Ｂ４","[114]G16_D02_B04.rmd"
"115","200","200","257","時間の寺院","[115]G26_D01.rmd"
"116","20","30","3","ハノブ銀行","[116]T06_Bank01.rmd"
"117","35","35","3","アウグスタ銀行","[117]T03_Bank01.rmd"
"118","35","40","3","ブリッジヘッド銀行","[118]T04_Bank01.rmd"
"119","100","100","257","ミスリル鉱山　１Ｆ","[119]T06_M02_F1.rmd"
"120","200","200","257","ミスリル鉱山　２Ｆ","[120]T06_M02_F2.rmd"
"121","200","50","257","ミスリル鉱山　３Ｆ","[121]T06_M02_F3.rmd"
"122","100","50","1","海の神殿入口","[122]G30_C01_F01.rmd"
"123","100","100","257","海の神殿　１Ｆ","[123]G30_H01_F01.rmd"
"124","80","80","257","海の神殿　Ｂ１","[124]G30_H01_B01.rmd"
"125","80","80","257","海の神殿　Ｂ２","[125]G30_H01_B02.rmd"
"126","100","100","257","海の神殿　Ｂ３","[126]G30_H01_B03.rmd"
"127","330","350","1","テンドペンド平原 / トワイライト滝付近","[127]G31.rmd"
"128","300","350","1","ルリリバー / 川河口","[128]G32.rmd"
"129","500","375","1","グレートフォレスト / プラトン街道","[129]G04.rmd"
"130","265","425","1","バヘル大河 / 東バヘル川","[130]G09.rmd"
"131","195","200","1","バヘル台地 / エルベルグ山脈西部地域","[131]G10.rmd"
"132","200","155","1","バヘル台地 / 丸太いかだ丘","[132]G14.rmd"
"133","150","150","1","オーガの王窟　Ｂ１","[133]G09_C01_F01.rmd"
"134","200","200","1","壊れた道","[134]G31_D01_F01.rmd"
"135","80","180","1","トワイライト滝　１Ｆ","[135]G31_C01_F01.rmd"
"136","80","80","1","トワイライト滝　Ｂ１","[136]G31_C01_B01.rmd"
"137","80","80","1","トワイライト滝　Ｂ２","[137]G31_C01_B02.rmd"
"138","80","80","1","トワイライト滝　Ｂ３","[138]G31_C01_B03.rmd"
"139","80","80","1","トワイライト滝　Ｂ４","[139]G31_C01_B04.rmd"
"140","80","80","1","トワイライト滝　Ｂ５","[140]G31_C01_B05.rmd"
"141","80","80","1","トワイライト滝　Ｂ６","[141]G31_C01_B06.rmd"
"142","150","150","1","ソルティケーブ　１Ｆ","[142]G31_C02_F01.rmd"
"143","80","80","1","ソルティケーブ　Ｂ１","[143]G31_C02_B01.rmd"
"144","150","150","1","ソルティケーブ　Ｂ２","[144]G31_C02_B02.rmd"
"145","80","80","1","ソルティケーブ　Ｂ３","[145]G31_C02_B03.rmd"
"146","100","100","1","ソルティケーブ　Ｂ４","[146]G31_C02_B04.rmd"
"147","80","80","1","ソルティケーブ　Ｂ５","[147]G31_C02_B05.rmd"
"148","90","95","1","ソルティケーブ　Ｂ６","[148]G31_C02_B06.rmd"
"149","80","80","1","ソルティケーブ　Ｂ７","[149]G31_C02_B07.rmd"
"150","180","180","1","ソルティケーブ　Ｂ８","[150]G31_C02_B08.rmd"
"151","200","200","257","海の神殿　Ｂ４","[151]G30_H01_B04.rmd"
"152","150","150","1","地下水路　Ｂ１","[152]T01_D01_B01.rmd"
"153","73","53","3","ブルンネンシュティグギルド戦　申込事務室","[153]GUILD_MATCH.rmd"
"154","250","300","1","西プラトン街道 / アリアン東部地域","[154]D01.rmd"
"155","300","220","1","ガディウス大砂漠 / リンケン北部地域","[155]D02.rmd"
"156","270","275","1","西プラトン街道 / グレートフォレスト入口","[156]D06.rmd"
"157","100","100","1","警備兵墓　Ｂ１","[157]D02_D01_B01.rmd"
"158","50","85","1","警備兵墓　Ｂ２","[158]D02_D01_B02.rmd"
"159","85","75","1","魔法傭兵の墓　Ｂ１","[159]D02_D02_B01.rmd"
"160","100","100","1","魔法傭兵の墓　Ｂ２","[160]D02_D02_B02.rmd"
"161","100","100","1","傭兵達の大きな墓　Ｂ１","[161]D02_D03_B01.rmd"
"162","100","100","1","傭兵達の大きな墓　Ｂ２","[162]D02_D03_B02.rmd"
"163","120","100","1","呪いの墓　Ｂ１","[163]D02_D04_B01.rmd"
"164","100","100","1","呪いの墓　Ｂ２","[164]D02_D04_B02.rmd"
"165","120","120","1","小さい傭兵の墓　Ｂ１","[165]D02_D05_B01.rmd"
"166","50","150","1","小さい傭兵の墓　Ｂ２","[166]D02_D05_B02.rmd"
"167","150","150","1","過ぎた栄光の展示場","[167]D02_D06_B01.rmd"
"168","285","270","1","ガディウス大砂漠 / グレートフォレスト北部地域","[168]D03.rmd"
"169","260","160","1","ガディウス大砂漠 / デフヒルズ北側","[169]D05.rmd"
"170","100","75","1","セスナの道","[170]D03_D01_B01.rmd"
"171","100","100","2","砂漠村リンケン","[171]T18.rmd"
"172","30","30","3","砂漠の炎 旅館","[172]T18_I01.rmd"
"173","50","50","3","砂漠の炎 旅館２階","[173]T18_I02.rmd"
"174","100","100","1","名も無い崩れた塔　Ｂ７","[174]D05_S01_B07.rmd"
"175","100","100","1","名も無い崩れた塔　Ｂ６","[175]D05_S01_B06.rmd"
"176","100","100","1","名も無い崩れた塔　Ｂ５","[176]D05_S01_B05.rmd"
"177","100","100","1","名も無い崩れた塔　Ｂ４","[177]D05_S01_B04.rmd"
"178","100","100","1","名も無い崩れた塔　Ｂ３","[178]D05_S01_B03.rmd"
"179","90","90","1","名も無い崩れた塔　Ｂ２","[179]D05_S01_B02.rmd"
"180","90","90","1","名も無い崩れた塔　Ｂ１","[180]D05_S01_B01.rmd"
"181","90","90","1","名も無い崩れた塔　１Ｆ","[181]D05_S01_F01.rmd"
"182","90","90","1","名も無い崩れた塔　２Ｆ","[182]D05_S01_F02.rmd"
"183","80","80","1","名も無い崩れた塔　３Ｆ","[183]D05_S01_F03.rmd"
"184","80","80","1","名も無い崩れた塔　４Ｆ","[184]D05_S01_F04.rmd"
"185","80","80","1","名も無い崩れた塔　５Ｆ","[185]D05_S01_F05.rmd"
"186","70","70","1","名も無い崩れた塔　６Ｆ","[186]D05_S01_F06.rmd"
"187","70","70","1","名も無い崩れた塔　７Ｆ","[187]D05_S01_F07.rmd"
"188","60","60","1","名も無い崩れた塔　８Ｆ","[188]D05_S01_F08.rmd"
"189","50","75","1","名も無い崩れた塔　９Ｆ","[189]D05_S01_F09.rmd"
"190","45","70","1","名も無い崩れた塔　１０Ｆ","[190]D05_S01_F10.rmd"
"191","45","65","1","名も無い崩れた塔　１１Ｆ","[191]D05_S01_F11.rmd"
"192","45","60","1","名も無い崩れた塔　１２Ｆ","[192]D05_S01_F12.rmd"
"193","150","150","2","オアシス都市アリアン","[193]T08.rmd"
"194","29","25","3","砂風酒場","[194]T08_V01.rmd"
"195","40","60","3","アリアン傭兵ギルド","[195]T08_GUILD_CRT.rmd"
"196","180","80","1","アリアン遺跡　Ｂ１ ","[196]T08_S01_B01.rmd"
"197","85","85","257","アリアン遺跡　Ｂ２","[197]T08_S01_B02.rmd"
"198","40","40","3","一般倉庫","[198]T08_K01.rmd"
"199","50","50","3","大富豪の倉庫 ","[199]T08_K02.rmd"
"200","60","60","3","冒険家協会アリアン支部 / アリアン旅館","[200]T08_I01.rmd"
"201","30","30","3","リンケン 宝石商","[201]T18_J01.rmd"
"202","30","30","3","アリアン銀行","[202]T08_BANK01.rmd"
"203","75","75","3","トゥーファの家","[203]T08_H01.rmd"
"204","225","200","1","ヘムクロス高原 / 高原南部地域","[204]M14.rmd"
"205","300","175","1","ヘムクロス高原 / アラク湖付近","[205]M10.rmd"
"206","290","200","1","タトバ山","[206]M09.rmd"
"207","200","200","1","タトバ山頂上登山路","[207]M80.rmd"
"208","40","40","1","キングベアーの巣","[208]M80_D01_F1.rmd"
"209","350","350","257","パブル鉱山　Ｂ１","[209]M12_M02_B1.rmd"
"210","150","150","257","パブル鉱山　Ｂ２","[210]M12_M02_B2.rmd"
"211","150","150","1","タトバ鉱山　Ｂ１","[211]M09_M01_B1.rmd"
"212","85","70","1","タワー洞窟地下道　１Ｆ","[212]M10_C01_B01.rmd"
"213","100","90","1","タワー洞窟地下道　２Ｆ","[213]M10_D01_B01.rmd"
"214","100","100","2","魔法都市スマグ","[214]T11.rmd"
"215","100","101","1","スマグ地下道　Ｂ１","[215]T11_D01_B01.rmd"
"216","150","150","1","スマグ地下道　Ｂ２","[216]T11_D01_B02.rmd"
"217","100","250","1","スマグ地下道　Ｂ３","[217]T11_D01_B03.rmd"
"218","150","150","1","スマグ地下道　Ｂ４","[218]T11_D01_B04.rmd"
"219","171","171","1","スウェブタワー B13","[219]M10_S01_B13.rmd"
"220","170","180","1","スウェブタワー　Ｂ１２","[220]M10_S01_B12.rmd"
"221","200","200","1","スウェブタワー　Ｂ１１","[221]M10_S01_B11.rmd"
"222","190","190","1","スウェブタワー　Ｂ１０","[222]M10_S01_B10.rmd"
"223","180","180","1","スウェブタワー　Ｂ９","[223]M10_S01_B09.rmd"
"224","180","180","1","スウェブタワー　Ｂ８","[224]M10_S01_B08.rmd"
"225","120","120","1","スウェブタワー　Ｂ７","[225]M10_S01_B07.rmd"
"226","120","120","1","スウェブタワー　Ｂ６","[226]M10_S01_B06.rmd"
"227","120","125","1","スウェブタワー　Ｂ５","[227]M10_S01_B05.rmd"
"228","120","170","1","スウェブタワー　Ｂ４","[228]M10_S01_B04.rmd"
"229","120","170","1","スウェブタワー　Ｂ３","[229]M10_S01_B03.rmd"
"230","180","180","1","スウェブタワー　Ｂ２","[230]M10_S01_B02.rmd"
"231","120","120","1","スウェブタワー　Ｂ１","[231]M10_S01_B01.rmd"
"232","150","150","1","スウェブタワー　１Ｆ","[232]M10_S01_F01.rmd"
"233","150","150","1","スウェブタワー　２Ｆ","[233]M10_S01_F02.rmd"
"234","100","100","1","スウェブタワー　３Ｆ","[234]M10_S01_F03.rmd"
"235","150","150","1","スウェブタワー　４Ｆ","[235]M10_S01_F04.rmd"
"236","140","140","1","スウェブタワー　５Ｆ","[236]M10_S01_F05.rmd"
"237","160","160","1","スウェブタワー　６Ｆ","[237]M10_S01_F06.rmd"
"238","140","140","1","スウェブタワー　７Ｆ","[238]M10_S01_F07.rmd"
"239","160","160","1","スウェブタワー　８Ｆ","[239]M10_S01_F08.rmd"
"240","130","130","1","スウェブタワー　９Ｆ","[240]M10_S01_F09.rmd"
"241","130","130","1","スウェブタワー　１０Ｆ","[241]M10_S01_F10.rmd"
"242","150","170","1","スウェブタワー　１１Ｆ","[242]M10_S01_F11.rmd"
"243","150","150","1","スウェブタワー　１２Ｆ","[243]M10_S01_F12.rmd"
"244","140","140","1","スウェブタワー　１３Ｆ","[244]M10_S01_F13.rmd"
"245","160","160","1","スウェブタワー　１４Ｆ","[245]M10_S01_F14.rmd"
"246","150","150","1","スウェブタワー　１５Ｆ","[246]M10_S01_F15.rmd"
"247","80","80","1","スウェブタワー　１６Ｆ","[247]M10_S01_F16.rmd"
"248","150","150","1","スウェブタワー　１７Ｆ","[248]M10_S01_F17.rmd"
"249","150","150","1","スウェブタワー　１８Ｆ","[249]M10_S01_F18.rmd"
"250","150","150","1","スウェブタワー　１９Ｆ","[250]M10_S01_F19.rmd"
"251","30","30","3","スマグ魔法用品店","[251]T11_L01.rmd"
"252","40","30","3","グローティング酒場","[252]T11_V01.rmd"
"253","30","30","3","スマグアクセサリー店","[253]T11_E01.rmd"
"254","80","90","3","ウィザードの研究室","[254]T11_P01.rmd"
"255","50","60","3","ウィザードギルド","[255]T11_GUILD_CRT.rmd"
"256","40","40","3","スマグ雑貨店","[256]T11_B01.rmd"
"257","50","60","3","冒険家協会スマグ支部 / スマグ旅館","[257]T11_I01.rmd"
"258","150","150","1","スウェブタワー　２０Ｆ","[258]M10_S01_F20.rmd"
"259","360","300","1","ハンヒ山脈 / ドレム川付近","[259]M11.rmd"
"260","150","150","1","河口ダンジョン　'ド'　Ｂ１","[260]M11_C01_B01.rmd"
"261","80","80","1","河口ダンジョン　'ド'　Ｂ２","[261]M11_C01_B02.rmd"
"262","80","80","1","河口ダンジョン　'ド'　Ｂ３","[262]M11_C01_B03.rmd"
"263","200","80","1","河口ダンジョン　'レ'　Ｂ１","[263]M11_C02_B01.rmd"
"264","200","100","1","河口ダンジョン　'レ'　Ｂ２","[264]M11_C02_B02.rmd"
"265","250","250","1","河口ダンジョン　'ミ'　Ｂ１","[265]M11_C03_B01.rmd"
"266","150","150","1","河口ダンジョン　'ラ'　Ｂ１","[266]M11_C04_B01.rmd"
"267","100","100","1","河口ダンジョン　'ラ'　Ｂ２","[267]M11_C04_B02.rmd"
"268","150","150","1","廃墟スバイン要塞","[268]P01.rmd"
"269","40","60","1","崩れた家","[269]P01_H01_F01.rmd"
"270","170","170","1","兵営 B1","[270]P01_H02_B01.rmd"
"271","200","200","1","兵舎　１Ｆ","[271]P01_H02_F01.rmd"
"272","190","200","1","兵舎　２Ｆ","[272]P01_H02_F02.rmd"
"273","160","160","1","旅館　１Ｆ","[273]P01_H03_F01.rmd"
"274","190","210","1","旅館　２Ｆ","[274]P01_H03_F02.rmd"
"275","150","140","1","商店　１Ｆ","[275]P01_H04_F01.rmd"
"276","150","160","1","商店　２Ｆ","[276]P01_H04_F02.rmd"
"277","50","50","1","監獄","[277]P01_H05_F01.rmd"
"278","375","375","1","バヘル大河 / 東バヘル川上流","[278]M07.rmd"
"279","375","320","1","ファウンティンス・ハイランド","[279]M05.rmd"
"280","250","300","1","半島の海辺","[280]D17.rmd"
"281","320","330","1","ソゴム山脈赤山","[281]M24.rmd"
"282","375","375","1","東バヘル　カルスト洞窟","[282]M07_C01_B01.rmd"
"283","200","200","1","泉の水の穴","[283]M05_C01_B01.rmd"
"284","200","650","1","ハイランド洞窟　Ｂ１","[284]M05_C02_B01.rmd"
"285","200","200","1","ハイランド洞窟　Ｂ２","[285]M05_C02_B02.rmd"
"286","80","300","1","呪いを受けたミズナの洞窟　Ｂ１","[286]M05_C03_B01.rmd"
"287","350","80","1","呪いを受けたミズナの洞窟　Ｂ２","[287]M05_C03_B02.rmd"
"288","80","80","1","呪いを受けたミズナの洞窟 / ミズナの洞窟","[288]M05_C03_B03.rmd"
"289","100","100","1","呪いを受けたミズナの洞窟 / 小さな洞窟","[289]M05_C03_B04.rmd"
"290","100","100","1","呪いを受けたミズナの洞窟 / 宝石の部屋","[290]M05_C03_B05.rmd"
"291","100","100","1","呪いを受けたミズナの洞窟 / 泉の水","[291]M05_C03_B06.rmd"
"292","100","100","1","名も無い遺跡の入口","[292]M05_D01_B01.rmd"
"293","200","200","1","名も無き遺跡　Ｂ１","[293]M05_D01_B02.rmd"
"294","100","75","1","名も無き遺跡　Ｂ２","[294]M05_D01_B03.rmd"
"295","200","200","1","ソゴム山脈　赤山登山路","[295]M81.rmd"
"296","200","200","1","キャンサーの巣　Ｂ１","[296]D17_C01_B01.rmd"
"297","200","200","1","キャンサーの巣　Ｂ２","[297]D17_C01_B02.rmd"
"298","200","200","1","キャンサーの巣　Ｂ３","[298]D17_C01_B03.rmd"
"299","200","200","1","キャンサーの巣　Ｂ４","[299]D17_C01_B04.rmd"
"300","270","250","1","オロイン森","[300]G28.rmd"
"301","200","200","1","オロイン森　地下洞窟","[301]G28_C01_B01.rmd"
"302","200","200","1","スパインビーチ","[302]D16.rmd"
"303","80","160","1","１番目のスパインホール　Ｂ１","[303]D16_C01_B01.rmd"
"304","80","160","1","２番目のスパインホール　Ｂ１","[304]D16_C02_B01.rmd"
"305","100","160","1","３番目のスパインホール　Ｂ１","[305]D16_C03_B01.rmd"
"306","80","160","1","４番目のスパインホール　Ｂ１","[306]D16_C04_B01.rmd"
"307","80","160","1","５番目のスパインホール　Ｂ１","[307]D16_C05_B01.rmd"
"308","160","100","1","６番目のスパインホール　Ｂ１","[308]D16_C06_B01.rmd"
"309","80","160","1","７番目のスパインホール　Ｂ１","[309]D16_C07_B01.rmd"
"310","150","150","2","大きな町 バリアート","[310]T12.rmd"
"311","35","35","3","黄金色の小麦畑亭","[311]T12_I01.rmd"
"312","25","30","3","バリアート　雑貨店","[312]T12_B01.rmd"
"313","25","25","3","バリアート　民家","[313]T12_H01.rmd"
"314","30","30","3","バリアート　農家","[314]T12_H02.rmd"
"315","25","25","3","バリアート　家","[315]T12_H03.rmd"
"316","25","25","3","バリアート酒場","[316]T12_V01.rmd"
"317","250","375","1","オカー三角州","[317]S24.rmd"
"318","130","160","1","ゴールド・スワンプ洞窟　Ｂ１","[318]S24_C01_B01.rmd"
"319","175","100","1","ゴールド・スワンプ洞窟 B2","[319]S24_C01_B02.rmd"
"320","140","140","1","ゴールド・スワンプ洞窟 B3","[320]S24_C01_B03.rmd"
"321","250","250","1","スパインホール地下　Ｂ２","[321]D16_C08_B01.rmd"
"322","215","250","1","ウェテンロード / デフヒルズ東部地域","[322]D08.rmd"
"323","180","190","1","ウェテンロード / ケルチ大橋付近","[323]D11.rmd"
"324","300","250","1","グレートフォレスト/ 妖精達の蜘蛛の糸","[324]G06.rmd"
"325","50","75","1","ビックマウスダンジョン　Ｂ１","[325]D11_S01_B01.rmd"
"326","80","120","1","ビックマウスダンジョン　Ｂ２","[326]D11_S01_B02.rmd"
"327","100","100","1","ビックマウスダンジョン　Ｂ３","[327]D11_S01_B03.rmd"
"328","120","120","1","ビックマウスダンジョン　Ｂ４","[328]D11_S01_B04.rmd"
"329","200","200","257","デフヒルズ小さな洞窟　Ｂ１","[329]D08_C01_B01.rmd"
"330","140","200","257","デフヒルズ小さな洞窟　Ｂ２","[330]D08_C01_B02.rmd"
"331","35","45","1","ダークエルフの王宮寺院","[331]G06_G01_N01.rmd"
"332","30","45","1","ダークエルフの王宮","[332]G06_G01_N02.rmd"
"333","25","26","1","ダークエルフの庭園","[333]G06_G01_N03.rmd"
"334","35","35","1","猟師の休憩室","[334]G06_H01_F01.rmd"
"335","75","75","1","地下倉庫","[335]G06_H01_B01.rmd"
"336","168","175","257","ダークエルフ王宮への近道","[336]G06_H02_B01.rmd"
"337","100","130","1","ダークエルフ王宮　１Ｆ","[337]G06_H03_F01.rmd"
"338","100","100","1","ダークエルフ王宮　２Ｆ","[338]G06_H03_F02.rmd"
"339","100","100","1","ダークエルフ王宮　３Ｆ","[339]G06_H03_F03.rmd"
"340","75","75","2","ロマ村 ビスル","[340]T16.rmd"
"341","200","305","1","クェレスプリング湖","[341]M01.rmd"
"342","200","150","1","湖下の通路","[342]M01_C01_B01.rmd"
"343","100","100","257","レッドアイ秘密基地　Ｂ１","[343]M01_D01_B01.rmd"
"344","130","130","257","レッドアイ秘密基地　Ｂ２","[344]M01_D01_B02.rmd"
"345","100","100","257","レッドアイ秘密基地　Ｂ３","[345]M01_D01_B03.rmd"
"346","100","100","257","レッドアイ秘密基地　Ｂ４","[346]M01_D01_B04.rmd"
"347","75","75","2","伐木町ブレンティル","[347]T14.rmd"
"348","25","26","3","ブレンティル雑貨店","[348]T14_B01.rmd"
"349","28","33","3","ブレンティル銀行","[349]T14_Bank01.rmd"
"350","35","35","3","ブレンティル旅館","[350]T14_I01.rmd"
"351","30","30","3","ブレンティル酒場","[351]T14_V01.rmd"
"352","100","100","1","伐木場","[352]T14_G01_F01.rmd"
"353","280","150","1","グレートフォレスト　ネイブ滝付近","[353]G01.rmd"
"354","50","50","1","ネイブ滝洞窟","[354]G01_C01_B01.rmd"
"355","100","100","257","レッドアイ秘密基地　Ｂ５","[355]M01_D01_B05.rmd"
"356","100","100","257","レッドアイ秘密基地　Ｂ６","[356]M01_D01_B06.rmd"
"357","100","150","257","レッドアイ倉庫","[357]M01_D01_B07.rmd"
"358","110","170","1","暴かれた納骨堂　Ｂ１","[358]G04_D01_B01.rmd"
"359","150","205","1","暴かれた納骨堂　Ｂ２","[359]G04_D01_B02.rmd"
"360","150","150","1","暴かれた納骨堂　Ｂ３","[360]G04_D01_B03.rmd"
"361","150","150","1","暴かれた納骨堂　Ｂ４","[361]G04_D01_B04.rmd"
"362","160","160","1","暴かれた納骨堂　Ｂ５","[362]G04_D01_B05.rmd"
"363","120","120","1","暴かれた納骨堂　Ｂ６","[363]G04_D01_B06.rmd"
"364","360","275","1","デフヒルズ","[364]D07.rmd"
"365","250","250","1","ガディウス大砂漠 / モリネルタワー付近","[365]D09.rmd"
"366","245","220","1","北フォーリンロード / ビガプール南部地域","[366]G20.rmd"
"367","340","375","1","南フォーリンロード / シュトラセラト西部地域","[367]G23.rmd"
"368","160","145","1","エルベルグ山脈 / テレット・トンネル付近","[368]M16.rmd"
"369","200","260","1","北フォーリンロード / ネイダック平原地帯","[369]S04.rmd"
"370","250","340","1","北フォーリンロード / 西リットリン半島","[370]S07.rmd"
"371","140","200","1","南フォーリンロード / テレット・トンネル出口付近","[371]S08.rmd"
"372","190","260","1","南フォーリンロード / エルン山南部地域","[372]S09.rmd"
"373","175","175","2","新興王国ビガプール","[373]T02.rmd"
"374","100","100","2","小都市ビッグアイ","[374]T09.rmd"
"375","175","150","2","港街シュトラセラト","[375]T05.rmd"
"376","75","75","2","荒廃都市ダメル","[376]T07.rmd"
"377","25","25","3","国会議員ブロームの事務室","[377]T01_N01.rmd"
"378","150","150","1","火酒倉庫","[378]T09_K01.rmd"
"379","30","26","3","ブルースビストロ","[379]T05_V01.rmd"
"380","210","210","1","モリネルタワー　地上１階","[380]D09_S01_F01.rmd"
"381","210","210","1","モリネルタワー　地上２階","[381]D09_S01_F02.rmd"
"382","150","150","1","モリネルタワー　地上３階","[382]D09_S01_F03.rmd"
"383","150","150","1","モリネルタワー　地上４階","[383]D09_S01_F04.rmd"
"384","150","150","1","モリネルタワー　地上５階","[384]D09_S01_F05.rmd"
"385","160","100","1","フォーリン望楼　地下","[385]S04_D01_B01.rmd"
"386","50","50","1","天上界入口","[386]H01.rmd"
"387","100","200","1","トラン森西部","[387]S09_G01_F01.rmd"
"388","200","100","1","トラン森南部","[388]G23_G01_F01.rmd"
"389","120","240","1","トラン森東部","[389]T13_G01_F01.rmd"
"390","200","100","1","トラン森北部","[390]M17_G01_F01.rmd"
"391","75","75","1","トラン森中部","[391]G21_G01_F01.rmd"
"392","25","25","3","シュトラセラト防具店","[392]T05_A01.rmd"
"393","30","30","3","シュトラセラト魔法用品店","[393]T05_L01.rmd"
"394","20","26","3","オールドパブ","[394]T07_V01.rmd"
"395","25","26","3","ゲールの家","[395]T07_E01.rmd"
"396","20","25","3","ビガプール軍物品店","[396]T02_A01.rmd"
"397","50","60","3","冒険家協会ビガプール支部 / 黄金色の小麦畑亭","[397]T02_I01.rmd"
"398","30","30","3","ビガプール銀行","[398]T02_BANK01.rmd"
"399","21","26","3","ビガプール教会","[399]T02_P01.rmd"
"400","20","26","3","ダメル雑貨店","[400]T07_B01.rmd"
"401","200","50","1","テレット・トンネル北口","[401]M16_C01_F01.rmd"
"402","250","250","1","テレット・トンネル","[402]M16_C01_B01.rmd"
"403","50","200","1","テレット・トンネル南口","[403]M16_C02_F01.rmd"
"404","200","100","1","ダメル地下遺跡","[404]T07_D01_F01.rmd"
"405","245","244","257","デフヒルズ古代遺跡 B1","[405]D07_S01_B01.rmd"
"406","20","25","3","シュトラセラト雑貨店","[406]T05_B01.rmd"
"407","35","35","3","シュトラセラト銀行","[407]T05_Bank01.rmd"
"408","20","25","3","シュトラセラト武器店","[408]T05_W01.rmd"
"409","100","100","1","エルン山南部地下洞窟　Ｂ１","[409]S09_C01_B01.rmd"
"410","60","48","1","ブロームの別荘","[410]G14_H01_F01.rmd"
"411","55","65","1","アイノ・ガスピルの家","[411]M10_S01_F21.rmd"
"412","63","60","1","地下水路　Ｂ２","[412]T01_D01_B02.rmd"
"413","60","60","1","地下水路　Ｂ３","[413]T01_D01_B03.rmd"
"414","100","100","1","地下遺跡　Ｂ１","[414]G20_D01_B01.rmd"
"415","40","40","1","地下遺跡　Ｂ２","[415]G20_D01_B02.rmd"
"416","100","100","1","ブリッジヘッド商人ギルド　１Ｆ","[416]T04_H04_F01.rmd"
"417","30","30","1","ブリッジヘッド商人ギルド　２Ｆ","[417]T04_H04_F02.rmd"
"418","70","81","1","天上界RED STONE跡","[418]H02.rmd"
"419","100","100","1","レッドアイ秘密指令所","[419]D01_S01_B01.rmd"
"420","35","40","1","秘密図書館","[420]G07_H01_B01.rmd"
"421","40","40","1","地下界の町入口","[421]A01.rmd"
"422","50","50","1","地下界入り口","[422]A02.rmd"
"423","52","45","1","秘密資料室","[423]T01_D02_B01.rmd"
"424","120","120","1","演壇の部屋","[424]T01_D03_B01.rmd"
"425","42","51","3","アウグスタ大聖堂","[425]T03_C01.rmd"
"426","115","120","1","地下界補給倉庫","[426]D05_D01_B01.rmd"
"427","100","150","1","忘れられたオアシス","[427]D81.rmd"
"428","25","40","1","ガリエルの執務室","[428]H03.rmd"
"429","250","200","1","ガルカス悪魔軍集結地　Ｂ１","[429]T02_D01_B01.rmd"
"430","250","250","1","ガルカス悪魔軍集結地　Ｂ２","[430]T05_D01_B01.rmd"
"431","80","80","1","砂漠地帯 悪党集団のアジト","[431]T08_H02_B01.rmd"
"432","80","80","1","砂漠地帯 悪党集団のアジト","[432]T08_H02_B01.rmd"
"433","100","100","1","冒険家協会　冒険家訓練所","[433]chobozone.rmd"
"434","230","340","1","グレートマウンテン北部","[434]S13.rmd"
"435","180","230","1","ナラダ平原 / ウエストスワンプ","[435]S12.rmd"
"436","290","250","1","ナラダ平原の沼地帯 / ノーススワンプ","[436]S14.rmd"
"437","175","390","1","ゴリマ沼地","[437]S15.rmd"
"438","100","100","1","山麓村ウムバ","[438]T17.rmd"
"439","215","225","1","ネイダック平原 / ラカリフサ北部地域","[439]S05.rmd"
"440","140","170","1","試練の地","[440]NP.rmd"
"441","250","125","1","忘れられた廃坑　Ｅ","[441]M17_C01_F05.rmd"
"442","30","30","3","ガリムト旅館","[442]T13_I01.rmd"
"443","150","150","2","農村ラカリフサ","[443]T15.rmd"
"444","250","300","1","ミルトリムの道 / シュトラセラト入口付近","[444]S22.rmd"
"445","50","50","3","ビガプール教会公館","[445]T02_P02.rmd"
"446","300","150","1","ウエストスワンプ洞窟","[446]S12_C01_B01.rmd"
"447","60","60","1","地下水路　Ｂ４","[447]T01_D01_B04.rmd"
"448","120","120","3","ログハウス","[448]cabin.rmd"
"449","80","80","1","‘ミルトリムの道 / シュトラセラト入口付近’の地下洞窟","[449]blanka.rmd"
"450","180","220","1","エルベルグ山脈 / エルン山","[450]M17.rmd"
"451","100","125","2","農村ガリムト","[451]T13.rmd"
"452","25","25","3","ガリムト武器・雑貨店","[452]T13_W01.rmd"
"453","35","30","3","ラカリフサ村民会館　１Ｆ","[453]T15_T01_F01.rmd"
"454","25","30","3","ラカリフサ村民会館　２Ｆ","[454]T15_T01_F02.rmd"
"455","20","26","3","ラカリフサ武器店","[455]T15_W01.rmd"
"456","20","25","3","ラカリフサ　道具・雑貨店","[456]T15_B01.rmd"
"457","20","26","3","ラカリフサ銀行","[457]T15_Bank01.rmd"
"458","30","30","3","ラカリフサ旅館","[458]T15_I01.rmd"
"459","25","30","3","ラカリフサ旅館　２Ｆ","[459]T15_I02.rmd"
"460","30","30","3","ラカリフサ教会","[460]T15_C01.rmd"
"461","100","100","1","ブルン王国の王宮跡地の地下","[461]T01_D04_B01.rmd"
"462","100","100","1","ブルン王国の秘密図書館","[462]T01_D05_B01.rmd"
"463","30","50","1","本棚の後ろにある隠し部屋","[463]T01_D01_B04_.rmd"
"464","25","30","3","捨てられた望楼","[464]M10_H01_F01.rmd"
"465","30","50","3","秘密の山荘","[465]M09_H01_F01.rmd"
"466","200","100","1","ドラコリッチの遺跡","[466]D01_B01.rmd"
"467","200","100","1","ティアメスの道","[467]D03_B01.rmd"
"468","300","125","1","地下軍団　集結地","[468]S14_T01_B01.rmd"
"469","100","100","1","沈んだ遺跡","[469]S15_D01_B01.rmd"
"470","100","100","1","古代美術館","[470]S15_D01_B02.rmd"
"471","150","150","1","モリネルタワー　地上６階","[471]D09_S01_F06.rmd"
"472","200","200","1","時の森 1層","[472]G21_G02_F01.rmd"
"473","200","300","1","時の森 2層","[473]G21_G03_F01.rmd"
"474","200","200","1","時の森","[474]G21_G04_F01.rmd"
"475","60","100","1","天上界","[475]Heaven.rmd"
"476","50","70","1","ロシペル城","[476]Hell.rmd"
"477","55","80","1","地下界の町","[477]BF_town01.rmd"
"478","70","100","1","ビフレスト橋の前","[478]Bifrost.rmd"
"479","70","81","1","フォゲルネスト","[479]Nest.rmd"
"480","100","100","2","港町ボルティッシュ","[480]T19.rmd"
"481","22","25","3","ボルティッシュ銀行","[481]T19_Bank01.rmd"
"482","35","30","3","ボルティッシュ教会","[482]T19_C01.rmd"
"483","20","26","3","ボルティッシュ武器店","[483]T19_W01.rmd"
"484","40","35","3","ボルティッシュ旅館 / 酒場","[484]T19_I01.rmd"
"485","25","25","3","ボルティッシュ旅館 / 寝室","[485]T19_I02.rmd"
"486","350","400","1","幻影の谷 / シトロンリバー上流","[486]M27.rmd"
"487","350","425","1","幻影の谷 / ブラックファイヤーダンジョン付近","[487]M26.rmd"
"488","500","500","1","ブラックファイヤーダンジョン","[488]BF_01.rmd"
"489","40","60","1","異空間","[489]otherplace_01.rmd"
"490","300","500","1","ブラックファイヤーダンジョン","[490]BF_02.rmd"
"491","30","50","3","秘密の山荘","[491]M09_H01_F01.rmd"
"492","120","110","1","ラカリフサ北の洞窟","[492]S05_D01_B01.rmd"
"493","400","350","1","神秘の洞窟　Ｂ１","[493]S24_C02_B01.rmd"
"494","370","350","1","神秘の洞窟　Ｂ２","[494]S24_C02_B02.rmd"
"495","300","300","1","隠された収容所","[495]T03_C01_B01.rmd"
"496","80","80","1","酷寒の地","[496]M01_H01_F01.rmd"
"497","300","500","1","セントロード　Ｂ１","[497]S22_C01_B01.rmd"
"498","150","250","1","セントロード　Ｂ２","[498]S22_C01_B02.rmd"
"499","270","330","1","開発者の隠れ家","[499]D01.rmd"
"500","270","330","1","EMの隠れ家","[500]D02.rmd"
"501","270","330","1","開発者の隠れ家","[501]D03.rmd"
"502","80","90","3","冒険家協会ブルンネンシュティグ本部","[502] T01_I01.rmd"
"503","50","60","3","冒険家協会ブリッジヘッド支部","[503] T04_I01.rmd"
"504","220","300","1","エルン山　迂回路","[504]M29.rmd"
"505","250","250","1","乾いたオアシス","[505]D18.rmd"
"506","350","350","1","漆黒の城","[506]BF_U01.rmd"
"507","300","400","1","深淵の地底湖","[507]BF_C01.rmd"
"508","220","220","257","デフヒルズ古代遺跡 B2","[508]D07_S01_B02.rmd"
"509","130","130","1","ダメルの地下迷宮入口","[509]T07_D02_B01.rmd"
"510","200","200","1","ダメルの地下迷宮 B1","[510]T07_D02_B02.rmd"
"511","222","242","1","ダメルの地下迷宮 B2","[511]T07_D02_B03.rmd"
"512","200","200","1","ダメルの地下迷宮 B3","[512]T07_D02_B04.rmd"
"513","150","150","257","埋もれた地下別荘 B1","[513]D17_H01_B1.rmd"
"514","150","150","257","埋もれた地下別荘 B2","[514]D17_H01_B2.rmd"
"515","160","180","257","埋もれた地下別荘 B3","[515]D17_H01_B3.rmd"
"516","240","300","1","別荘の隠れた洞窟","[516]D17_H01_B4.rmd"
"517","270","330","1","疑問の森 南東部","[517]G28_G01_D01.rmd"
"518","270","330","1","疑問の森 北東部","[518]G28_G01_D02.rmd"
"519","270","330","1","疑問の森 北西部","[519]G28_G01_D03.rmd"
"520","270","330","1","疑問の森 南西部","[520]G28_G01_D04.rmd"
"521","60","60","1","絶望獄舎","[521]Prison.rmd"
"523","37","40","3","スタイン邸宅","[523]T01_SH01.rmd"
"524","40","50","2","輝きの森","[524]Friends_01.rmd"
"525","60","80","2","冒険家街ジャクソン","[525]Friends_02.rmd"
"526","170","170","1","ミラーダンジョン兵営 B1 1-1","[526]P01_H02_B01.rmd"
"527","170","170","1","ミラーダンジョン兵営 B1 1-2","[527]P01_H02_B01.rmd"
"528","160","160","1","ミラーダンジョン旅館 1F 1-1","[528]P01_H03_F01.rmd"
"529","160","160","1","ミラーダンジョン旅館 1F 1-2","[529]P01_H03_F01.rmd"
"530","80","300","1","ミラーダンジョン呪いを受けたミズナの洞窟 B1 1-1","[530]M05_C03_B01.rmd"
"531","80","300","1","ミラーダンジョン呪いを受けたミズナの洞窟 B1 1-2","[531]M05_C03_B01.rmd"
"532","100","75","1","ミラーダンジョン名も無き遺跡 B2 1-1","[532]M05_D01_B03.rmd"
"533","100","75","1","ミラーダンジョン名も無き遺跡 B2 1-2","[533]M05_D01_B03.rmd"
"534","120","120","1","ミラーダンジョンビックマウスダンジョン B4 1-1","[534]D11_S01_B04.rmd"
"535","120","120","1","ミラーダンジョンビックマウスダンジョン B4 1-2","[535]D11_S01_B04.rmd"
"536","100","130","1","ミラーダンジョンダークエルフ王宮 1F 1-1","[536]G06_H03_F01.rmd"
"537","100","130","1","ミラーダンジョンダークエルフ王宮 1F 1-2","[537]G06_H03_F01.rmd"
"538","250","200","1","ミラーダンジョンガルカス悪魔軍集結地 B1 1-1","[538]T02_D01_B01.rmd"
"539","250","200","1","ミラーダンジョンガルカス悪魔軍集結地 B1 1-2","[539]T02_D01_B01.rmd"
"540","200","200","1","ミラーダンジョン時の森 1層 1-1","[540]G21_G02_F01.rmd"
"541","200","200","1","ミラーダンジョン時の森 1層 1-2","[541]G21_G02_F01.rmd"
"542","200","200","1","ミラーダンジョン時の森 3層 1-1","[542]G21_G04_F01.rmd"
"543","200","200","1","ミラーダンジョン時の森 3層 1-2","[543]G21_G04_F01.rmd"
"544","110","105","3","冒険家協会バー","[544] T01_I01_B01.rmd"
"600","25","26","3","小都市ビッグアイ応急治療室","[600]T09_H01.rmd"
"601","250","310","1","ミラー中央プラトン街道 / グレートフォレスト入口付近1-1","[601]G07.rmd"
"602","250","310","1","ミラー中央プラトン街道 / グレートフォレスト入口付近1-2","[602]G07.rmd"
"603","215","220","1","ミラーダンジョン 東プラトン街道 / イースタンブリッジ付近 1-1","[603]G16.rmd"
"604","215","220","1","ミラーダンジョン 東プラトン街道 / イースタンブリッジ付近 1-2","[604]G16.rmd"
"605","180","210","1","ミラーダンジョン東プラトン街道 / 道の中間地点 1-1","[605]G15.rmd"
"606","180","210","1","ミラーダンジョン東プラトン街道 / 道の中間地点 1-2","[606]G15.rmd"
"607","350","475","1","ミラーダンジョン東プラトン街道 / エルベルグ山脈 峠1-1","[607]M19.rmd"
"608","350","475","1","ミラーダンジョン東プラトン街道 / エルベルグ山脈 峠1-2","[608]M19.rmd"
"609","150","250","1","ミラーダンジョンエルベルグ山脈 / ハノブ西部地域1-1","[609]M12.rmd"
"610","150","250","1","ミラーダンジョンエルベルグ山脈 / ハノブ西部地域1-2","[610]M12.rmd"
"611","100","100","1","ミラーダンジョン海の神殿B3 1-1","[611]G30_H01_B03.rmd"
"612","100","100","1","ミラーダンジョン海の神殿B3 1-2","[612]G30_H01_B03.rmd"
"613","300","350","1","ミラーダンジョンルリリバー / 川河口 1-1","[613]G32.rmd"
"614","300","350","1","ミラーダンジョンルリリバー / 川河口 1-2","[614]G32.rmd"
"615","265","425","1","ミラーダンジョンバヘル大河 / 東バヘル川1-1","[615]G09.rmd"
"616","265","425","1","ミラーダンジョンバヘル大河 / 東バヘル川1-2","[616]G09.rmd"
"617","195","200","1","ミラーダンジョンバヘル台地 / エルベルグ山脈西部地域1-1","[617]G10.rmd"
"618","195","200","1","ミラーダンジョンバヘル台地 / エルベルグ山脈西部地域1-2","[618]G10.rmd"
"619","200","200","1","ミラーダンジョン海の神殿 B4 1-1","[619]G30_H01_B04.rmd"
"620","200","200","1","ミラーダンジョン海の神殿 B4 1-2","[620]G30_H01_B04.rmd"
"621","250","300","1","ミラーダンジョン西プラトン街道 / アリアン東部地域1-1","[621]D01.rmd"
"622","250","300","1","ミラーダンジョン西プラトン街道 / アリアン東部地域1-2","[622]D01.rmd"
"623","270","275","1","ミラーダンジョン西プラトン街道 / グレートフォレスト入口1-1","[623]D06.rmd"
"624","270","275","1","ミラーダンジョン西プラトン街道 / グレートフォレスト入口1-2","[624]D06.rmd"
"625","100","100","1","ミラーダンジョン魔法傭兵の墓 B2 1-1","[625]D02_D02_B02.rmd"
"626","100","100","1","ミラーダンジョン魔法傭兵の墓 B2 1-2","[626]D02_D02_B02.rmd"
"627","150","150","1","ミラーダンジョン過ぎた栄光の展示場1-1","[627]D02_D06_B01.rmd"
"628","150","150","1","ミラーダンジョン過ぎた栄光の展示場1-2","[628]D02_D06_B01.rmd"
"629","260","160","1","ミラーダンジョンガディウス大砂漠 / デフヒルズ北側1-1","[629]D05.rmd"
"630","260","160","1","ミラーダンジョンガディウス大砂漠 / デフヒルズ北側1-2","[630]D05.rmd"
"631","350","350","1","ミラーダンジョンパブル鉱山 B1 1-1","[631]M12_M02_B1.rmd"
"632","350","350","1","ミラーダンジョンパブル鉱山 B1 1-2","[632]M12_M02_B1.rmd"
"633","150","150","1","ミラーダンジョンパブル鉱山 B2 1-1","[633]M12_M02_B2.rmd"
"634","150","150","1","ミラーダンジョンパブル鉱山 B2 1-2","[634]M12_M02_B2.rmd"
"635","360","300","1","ミラーダンジョンハンヒ山脈 / ドレム川付近 1-1","[635]M11.rmd"
"636","360","300","1","ミラーダンジョンハンヒ山脈 / ドレム川付近 1-2","[636]M11.rmd"
"637","250","300","1","ミラーダンジョン半島の海辺1-1","[637]D17.rmd"
"638","250","300","1","ミラーダンジョン半島の海辺1-2","[638]D17.rmd"
"639","320","330","1","ミラーダンジョンソゴム山脈赤山 1-1","[639]M24.rmd"
"640","320","330","1","ミラーダンジョンソゴム山脈赤山 1-2","[640]M24.rmd"
"641","200","200","1","ミラーダンジョンソゴム山脈　赤山登山路1-1","[641]M81.rmd"
"642","200","200","1","ミラーダンジョンソゴム山脈　赤山登山路1-2","[642]M81.rmd"
"643","200","200","1","ミラーダンジョンデフヒルズ小さな洞窟 B1 1-1","[643]D08_C01_B01.rmd"
"644","200","200","1","ミラーダンジョンデフヒルズ小さな洞窟 B1 1-2","[644]D08_C01_B01.rmd"
"645","140","200","1","ミラーダンジョンデフヒルズ小さな洞窟 B2 1-1","[645]D08_C01_B02.rmd"
"646","140","200","1","ミラーダンジョンデフヒルズ小さな洞窟 B2 1-2","[646]D08_C01_B02.rmd"
"647","168","175","1","ミラーダンジョンダークエルフ王宮への近道 1-1","[647]G06_H02_B01.rmd"
"648","168","175","1","ミラーダンジョンダークエルフ王宮への近道 1-2","[648]G06_H02_B01.rmd"
"649","200","305","1","ミラーダンジョンクェレスプリング湖 1-1","[649]M01.rmd"
"650","200","305","1","ミラーダンジョンクェレスプリング湖 1-2","[650]M01.rmd"
"651","130","130","1","ミラーダンジョンレッドアイ秘密基地 B2 1-1","[651]M01_D01_B02.rmd"
"652","130","130","1","ミラーダンジョンレッドアイ秘密基地 B2 1-2","[652]M01_D01_B02.rmd"
"653","100","100","1","ミラーダンジョンレッドアイ秘密基地 B3 1-1","[653]M01_D01_B03.rmd"
"654","100","100","1","ミラーダンジョンレッドアイ秘密基地 B3 1-2","[654]M01_D01_B03.rmd"
"655","100","100","1","ミラーダンジョンレッドアイ秘密基地 B4 1-1","[655]M01_D01_B04.rmd"
"656","100","100","1","ミラーダンジョンレッドアイ秘密基地 B4 1-2","[656]M01_D01_B04.rmd"
"657","100","100","1","ミラーダンジョンレッドアイ秘密基地 B5 1-1","[657]M01_D01_B05.rmd"
"658","100","100","1","ミラーダンジョンレッドアイ秘密基地 B5 1-2","[658]M01_D01_B05.rmd"
"659","100","100","1","ミラーダンジョンレッドアイ秘密基地 B6 1-1","[659]M01_D01_B06.rmd"
"660","100","100","1","ミラーダンジョンレッドアイ秘密基地 B6 1-2","[660]M01_D01_B06.rmd"
"661","100","150","1","ミラーダンジョンレッドアイ倉庫1-1","[661]M01_D01_B07.rmd"
"662","100","150","1","ミラーダンジョンレッドアイ倉庫1-2","[662]M01_D01_B07.rmd"
"663","250","250","1","ミラーダンジョンガディウス大砂漠 / モリネルタワー付近1-1","[663]D09.rmd"
"664","250","250","1","ミラーダンジョンガディウス大砂漠 / モリネルタワー付近1-2","[664]D09.rmd"
"665","245","220","1","ミラーダンジョン北フォーリンロード / ビガプール南部地域1-1","[665]G20.rmd"
"666","245","220","1","ミラーダンジョン北フォーリンロード / ビガプール南部地域1-2","[666]G20.rmd"
"667","200","260","1","ミラーダンジョン北フォーリンロード / ネイダック平原地帯1-1","[667]S04.rmd"
"668","200","260","1","ミラーダンジョン北フォーリンロード / ネイダック平原地帯1-2","[668]S04.rmd"
"669","140","200","1","ミラー南フォーリンロード / テレット・トンネル出口付近1-1","[669]S08.rmd"
"670","140","200","1","ミラー南フォーリンロード / テレット・トンネル出口付近1-2","[670]S08.rmd"
"671","190","260","1","ミラーダンジョン南フォーリンロード / エルン山南部地域1-1","[671]S09.rmd"
"672","190","260","1","ミラーダンジョン南フォーリンロード / エルン山南部地域1-2","[672]S09.rmd"
"673","150","150","1","ミラーダンジョンモリネルタワー　地上４階1-1","[673]D09_S01_F04.rmd"
"674","150","150","1","ミラーダンジョンモリネルタワー　地上４階1-2","[674]D09_S01_F04.rmd"
"675","245","244","1","ミラーダンジョンデフヒルズ古代遺跡 B1 1-1","[675]D07_S01_B01.rmd"
"676","245","244","1","ミラーダンジョンデフヒルズ古代遺跡 B1 1-2","[676]D07_S01_B01.rmd"
"677","115","120","1","ミラーダンジョン地下界補給倉庫1-1","[677]D05_D01_B01.rmd"
"678","115","120","1","ミラーダンジョン地下界補給倉庫1-2","[678]D05_D01_B01.rmd"
"679","250","250","1","ミラーダンジョンガルカス悪魔軍集結地 B2 1-1","[679]T05_D01_B01.rmd"
"680","250","250","1","ミラーダンジョンガルカス悪魔軍集結地 B2 1-2","[680]T05_D01_B01.rmd"
"681","290","250","1","ミラーダンジョンナラダ平原の沼地帯 / ノーススワンプ 1-1","[681]S14.rmd"
"682","290","250","1","ミラーダンジョンナラダ平原の沼地帯 / ノーススワンプ 1-2","[682]S14.rmd"
"683","175","390","1","ミラーダンジョンゴリマ沼地1-1","[683]S15.rmd"
"684","175","390","1","ミラーダンジョンゴリマ沼地1-2","[684]S15.rmd"
"685","215","225","1","ミラーダンジョンネイダック平原 / ラカリフサ北部地域1-1","[685]S05.rmd"
"686","215","225","1","ミラーダンジョンネイダック平原 / ラカリフサ北部地域1-2","[686]S05.rmd"
"687","250","300","1","ミラーダンジョンミルトリムの道 / シュトラセラト入口付近1-1","[687]S22.rmd"
"688","250","300","1","ミラーダンジョンミルトリムの道 / シュトラセラト入口付近1-2","[688]S22.rmd"
"689","200","300","1","ミラーダンジョン時の森 2層 1-1","[689]G21_G03_F01.rmd"
"690","200","300","1","ミラーダンジョン時の森 2層 1-2","[690]G21_G03_F01.rmd"
"691","500","500","1","ミラーダンジョンブラックファイヤーダンジョン1-1","[691]BF_01.rmd"
"692","500","500","1","ミラーダンジョンブラックファイヤーダンジョン1-2","[692]BF_01.rmd"
"693","370","350","1","ミラーダンジョン神秘の洞窟B2 1-1","[693]S24_C02_B02.rmd"
"694","370","350","1","ミラーダンジョン神秘の洞窟B2 1-2","[694]S24_C02_B02.rmd"
"695","300","300","1","ミラーダンジョン隠された収容所1-1","[695]T03_C01_B01.rmd"
"696","300","300","1","ミラーダンジョン隠された収容所1-2","[696]T03_C01_B01.rmd"
"697","200","200","1","ミラーダンジョンダメルの地下迷宮 B1 1-1","[697]T07_D02_B02.rmd"
"698","200","200","1","ミラーダンジョンダメルの地下迷宮 B1 1-2","[698]T07_D02_B02.rmd"
"699","160","180","3","ミラーダンジョン埋もれた地下別荘 B3 1-1","[699]D17_H01_B3.rmd"
"700","160","180","3","ミラーダンジョン埋もれた地下別荘 B3 1-2","[700]D17_H01_B3.rmd"
"701","270","330","1","ミラーダンジョン疑問の森 北西部 1-1","[701]G28_G01_D03.rmd"
"702","270","330","1","ミラーダンジョン疑問の森 北西部 1-2","[702]G28_G01_D03.rmd"
"703","170","170","1","ミラーダンジョン廃坑 B10 1-1","[703]M12_M01_B10.rmd"
"704","170","170","1","ミラーダンジョン廃坑 B10 1-2","[704]M12_M01_B10.rmd"
"705","120","100","1","ミラーダンジョン呪いの墓 B1 1-1","[705]D02_D04_B01.rmd"
"706","120","100","1","ミラーダンジョン呪いの墓 B1 1-2","[706]D02_D04_B01.rmd"
"707","120","120","1","ミラーダンジョン小さい傭兵の墓 B1 1-1","[707]D02_D05_B01.rmd"
"708","120","120","1","ミラーダンジョン小さい傭兵の墓 B1 1-2","[708]D02_D05_B01.rmd"
"709","200","200","1","ミラーダンジョンキャンサーの巣 B4 1-1","[709]D17_C01_B04.rmd"
"710","200","200","1","ミラーダンジョンキャンサーの巣 B4 1-2","[710]D17_C01_B04.rmd"
"711","150","170","1","ミラーダンジョンスウェブタワー 11F 1-1","[711]M10_S01_F11.rmd"
"712","150","170","1","ミラーダンジョンスウェブタワー 11F 1-2","[712]M10_S01_F11.rmd"
"713","160","100","1","ミラーダンジョンフォーリン望楼　地下 1-1","[713]S04_D01_B01.rmd"
"714","160","100","1","ミラーダンジョンフォーリン望楼　地下 1-2","[714]S04_D01_B01.rmd"
"715","110","170","1","ミラーダンジョン暴かれた納骨堂 B1 1-1","[715]G04_D01_B01.rmd"
"716","110","170","1","ミラーダンジョン暴かれた納骨堂 B1 1-2","[716]G04_D01_B01.rmd"
"717","170","170","1","ミラーダンジョン兵営 B1 1-1","[717]P01_H02_B01.rmd"
"718","170","170","1","ミラーダンジョン兵営 B1 1-2","[718]P01_H02_B01.rmd"
"719","160","160","1","ミラーダンジョン旅館 1F 1-1","[719]P01_H03_F01.rmd"
"720","160","160","1","ミラーダンジョン旅館 1F 1-2","[720]P01_H03_F01.rmd"
"721","80","300","1","ミラーダンジョン呪いを受けたミズナの洞窟 B1 1-1","[721]M05_C03_B01.rmd"
"722","80","300","1","ミラーダンジョン呪いを受けたミズナの洞窟 B1 1-2","[722]M05_C03_B01.rmd"
"723","100","75","1","ミラーダンジョン名も無き遺跡 B2 1-1","[723]M05_D01_B03.rmd"
"724","100","75","1","ミラーダンジョン名も無き遺跡 B2 1-2","[724]M05_D01_B03.rmd"
"725","120","120","1","ミラーダンジョンビックマウスダンジョン B4 1-1","[725]D11_S01_B04.rmd"
"726","120","120","1","ミラーダンジョンビックマウスダンジョン B4 1-2","[726]D11_S01_B04.rmd"
"727","100","130","1","ミラーダンジョンダークエルフ王宮 1F 1-1","[727]G06_H03_F01.rmd"
"728","100","130","1","ミラーダンジョンダークエルフ王宮 1F 1-2","[728]G06_H03_F01.rmd"
"729","250","200","1","ミラーダンジョンガルカス悪魔軍集結地 B1 1-1","[729]T02_D01_B01.rmd"
"730","250","200","1","ミラーダンジョンガルカス悪魔軍集結地 B1 1-2","[730]T02_D01_B01.rmd"
"731","200","200","1","ミラーダンジョン時の森 1層 1-1","[731]G21_G02_F01.rmd"
"732","200","200","1","ミラーダンジョン時の森 1層 1-2","[732]G21_G02_F01.rmd"
"733","200","200","1","ミラーダンジョン時の森 3層 1-1","[733]G21_G04_F01.rmd"
"734","200","200","1","ミラーダンジョン時の森 3層 1-2","[734]G21_G04_F01.rmd"
"735","200","200","1","ブラックファイヤー外郭","[735]BF_U02.rmd"
"736","100","100","1","ブラックファイヤー隠されたダンジョン","[736]BF_D01.rmd"
"737","200","200","1","ブラックファイヤー中心地","[737]BF_U03.rmd"
"738","300","300","1","深淵の地底湖外郭","[738]BF_U04.rmd"
"739","100","130","1","古代悪魔研究所","[739]BF_D02.rmd"
"740","300","300","1","ブラックファイヤー洞窟","[740]BF_U05.rmd"
"741","300","300","1","荒野の要塞","[741]BF_U06.rmd"
"742","300","300","1","荒野の要塞入口","[742]BF_U07.rmd"
"743","75","75","7","ケルベロス生息地","[743]R02.rmd"
"744","75","75","7","骸骨王の地下ダンジョン","[744]R03.rmd"
"745","75","75","7","ドラゴート出没地","[745]R01.rmd"
"746","250","200","1","ミラーダンジョンガルカス悪魔軍集結地 B1 1-3","[746]T02_D01_B01.rmd"
"747","250","200","1","ミラーダンジョンガルカス悪魔軍集結地 B1 1-4","[747]T02_D01_B01.rmd"
"748","250","200","1","ミラーダンジョンガルカス悪魔軍集結地 B1 1-5","[748]T02_D01_B01.rmd"
"749","200","200","1","ミラーダンジョンブラックファイヤー中心地 1-1","[749]BF_U03.rmd"
"750","200","200","1","ミラーダンジョンブラックファイヤー中心地 1-2","[750]BF_U03.rmd"
"751","200","200","1","ミラーダンジョンブラックファイヤー中心地 1-3","[751]BF_U03.rmd"
"752","200","200","1","ミラーダンジョンブラックファイヤー中心地 1-4","[752]BF_U03.rmd"
"753","200","200","1","ミラーダンジョンブラックファイヤー中心地 1-5","[753]BF_U03.rmd"
"754","100","130","1","ミラーダンジョン古代悪魔研究所 1-1","[754]BF_D02.rmd"
"755","100","130","1","ミラーダンジョン古代悪魔研究所 1-2","[755]BF_D02.rmd"
"756","100","130","1","ミラーダンジョン古代悪魔研究所 1-3","[756]BF_D02.rmd"
"757","100","130","1","ミラーダンジョン古代悪魔研究所 1-4","[757]BF_D02.rmd"
"758","100","130","1","ミラーダンジョン古代悪魔研究所 1-5","[758]BF_D02.rmd"
"759","160","160","1","ミラーダンジョン暴かれた納骨堂　Ｂ５ 1-1","[759]G04_D01_B05.rmd"
"760","160","160","1","ミラーダンジョン暴かれた納骨堂　Ｂ５ 1-2","[760]G04_D01_B05.rmd"
"761","120","120","1","ミラーダンジョン暴かれた納骨堂　Ｂ６ 1-1","[761]G04_D01_B06.rmd"
"762","120","120","1","ミラーダンジョン暴かれた納骨堂　Ｂ６ 1-2","[762]G04_D01_B06.rmd"
"763","100","100","1","ミラーダンジョン呪いを受けたミズナの洞窟 / 小さな洞窟 1-1","[763]M05_C03_B04.rmd"
"764","100","100","1","ミラーダンジョン呪いを受けたミズナの洞窟 / 小さな洞窟 1-2","[764]M05_C03_B04.rmd"
"765","100","100","1","ミラーダンジョン呪いを受けたミズナの洞窟 / 宝石の部屋 1-1","[765]M05_C03_B05.rmd"
"766","100","100","1","ミラーダンジョン呪いを受けたミズナの洞窟 / 宝石の部屋 1-2","[766]M05_C03_B05.rmd"
"767","130","160","1","ミラーダンジョンゴールド・スワンプ洞窟　Ｂ１ 1-1","[767]S24_C01_B01.rmd"
"768","130","160","1","ミラーダンジョンゴールド・スワンプ洞窟　Ｂ１ 1-2","[768]S24_C01_B01.rmd"
"769","175","100","1","ミラーダンジョンゴールド・スワンプ洞窟 B2 1-1","[769]S24_C01_B02.rmd"
"770","175","100","1","ミラーダンジョンゴールド・スワンプ洞窟 B2 1-2","[770]S24_C01_B02.rmd"
"771","150","150","1","ミラーダンジョンモリネルタワー　地上５階 1-1","[771]D09_S01_F05.rmd"
"772","150","150","1","ミラーダンジョンモリネルタワー　地上５階 1-2","[772]D09_S01_F05.rmd"
"773","150","150","1","希望と絶望の境目","[773]BF02_bridge.rmd"
"774","150","150","1","埋没した古代遺跡","[774]R01.rmd"
"775","150","150","1","ミラーダンジョン 希望と絶望の境目 1-1","[775]BF02_bridge.rmd"
"776","150","150","1","ミラーダンジョン-1 希望と絶望の境目 1-2 ","[776]BF02_bridge.rmd"
"777","150","150","1","ミラーダンジョン 埋没した古代遺跡1-1","[777]R01.rmd"
"778","150","150","1","ミラーダンジョン 埋没した古代遺跡1-2","[778]R01.rmd"
"779","250","300","1","深淵の地底湖隧道","[779]BF_C01.rmd"
"780","200","200","1","没落した悪魔の地","[780]BF_U08.rmd"
"781","245","220","1","デフヒルズ西部地域","[781]H01.rmd"
"782","245","220","1","タトバ山東部地域","[782]H02.rmd"
"783","100","100","3","ロングテールの娼館","[783]L01.rmd"
"784","100","80","3","エステルの別荘","[784]EST.rmd"
"785","185","90","3","ロズウェルトの邸宅","[785]Ro8.rmd"
"786","160","50","3","地下界の大使の所在","[786]KE7.rmd"
"787","25","25","3","リンケン会談の場所","[787]T18_M.rmd"
"788","25","25","1","堅く閉じられた地下界の扉","[788]HGA01.rmd"
"789","35","35","1","レッドアイ最初のアジト","[789]RE01.rmd"
"790","30","30","3","トラップマウザーの隠れ家","[790]TR0M.rmd"
"791","100","120","2","衛星都市ロングテール","[791]T02.rmd"
"792","245","220","1","ロングテール付近の狩場","[792]G01.rmd"
"793","100","150","1","フィア現象地","[793]Fear.rmd"
"794","300","300","1","アメンアイランド","[794]G01.rmd"
"795","200","220","1","海底神殿B1","[795]D01.rmd"
"796","180","200","1","海底神殿B2","[796]D02.rmd"
"799","300","300","1","ハードモード","[799]SurvivalMod.rmd"
"800","50","50","2","ハードモード入場フィールド","[800]ArcaidLobby.rmd"
"801","175","175","2","決戦都市ヒルドブラント","[801]GvG_standby_0.rmd"
"802","300","300","1","ミラーダンジョン 荒野の要塞 1-1","[802]BF_U06.rmd"
"803","300","300","1","ミラーダンジョン 荒野の要塞 1-2","[803]BF_U06.rmd"
"804","300","300","1","ミラーダンジョン 荒野の要塞入口 1-1","[804]BF_U07.rmd"
"805","300","300","1","ミラーダンジョン 荒野の要塞入口 1-2","[805]BF_U07.rmd"
"806","250","300","1","ミラーダンジョン-1 深淵の地底湖隧道","[806]BF_C01.rmd"
"807","250","300","1","ミラーダンジョン 深淵の地底湖隧道 1-2","[807]BF_C01.rmd"
"808","200","200","1","ミラーダンジョン 没落した悪魔の地 1-1","[808]BF_U08.rmd"
"809","200","200","1","ミラーダンジョン 没落した悪魔の地 1-2","[809]BF_U08.rmd"
"810","245","220","1","ミラーダンジョン デフヒルズ西部地域 1-1","[810]H01.rmd"
"811","245","220","1","ミラーダンジョン デフヒルズ西部地域 1-2","[811]H01.rmd"
"812","245","220","1","ミラーダンジョン タトバ山東部地域 1-1","[812]H02.rmd"
"813","245","220","1","ミラーダンジョン タトバ山東部地域 1-2","[813]H02.rmd"
"814","245","220","1","ミラーダンジョン ロングテール付近の狩場 1-1","[814]G01.rmd"
"815","245","220","1","ミラーダンジョン ロングテール付近の狩場 1-2","[815]G01.rmd"
"816","300","300","1","ミラーダンジョン アメンアイランド 1-1","[816]G01.rmd"
"817","300","300","1","ミラーダンジョン アメンアイランド 1-2","[817]G01.rmd"
"818","200","220","1","ミラーダンジョン 海底神殿B1 1-1","[818]D01.rmd"
"819","200","220","1","ミラーダンジョン 海底神殿B1 1-2","[819]D01.rmd"
"820","180","200","1","ミラーダンジョン 海底神殿B2 1-1","[820]D02.rmd"
"821","180","200","1","ミラーダンジョン 海底神殿B2 1-2","[821]D02.rmd"
"822","100","100","1","ミラーダンジョン ブラックファイヤー隠されたダンジョン 1-1","[822]BF_D01.rmd"
"823","100","100","1","ミラーダンジョン ブラックファイヤー隠されたダンジョン 1-2","[823]BF_D01.rmd"
"824","163","185","1","忘れられた地下収容所 B1","[824]G16_D03_B03.rmd"
"825","210","175","1","忘れられた地下収容所B2","[825]G16_D03_B03.rmd"
"826","163","185","1","忘れられた地下収容所B3","[826]G16_D03_B03.rmd"
"827","200","250","1","近郊森/妖精たちの安息所","[827]G01.rmd"
"828","200","200","1","捨てられた地下墓地B1","[828]D01_01.rmd"
"829","250","250","1","捨てられた地下墓地B2","[829]D01_02.rmd"
"830","250","250","1","捨てられた地下墓地B3","[830]D01_03.rmd"
"831","250","375","1","ミラーダンジョン オカー三角州 1-1","[831]S24.rmd"
"832","250","375","1","ミラーダンジョン オカー三角州 1-2","[832]S24.rmd"
"833","180","190","1","ミラーダンジョン ウェテンロード / ケルチ大橋付近 1-1","[833]D11.rmd"
"834","180","190","1","ミラーダンジョン ウェテンロード / ケルチ大橋付近 1-2","[834]D11.rmd"
"835","220","300","1","ミラーダンジョン エルン山　迂回路 1-1","[835]M29.rmd"
"836","220","300","1","ミラーダンジョン エルン山　迂回路 1-2","[836]M29.rmd"
"837","230","340","1","ミラーダンジョン グレートマウンテン北部1-1","[837]S13.rmd"
"838","230","340","1","ミラーダンジョン グレートマウンテン北部1-2","[838]S13.rmd"
"839","270","250","1","ミラーダンジョン オロイン森 1-1","[839]G28.rmd"
"840","270","250","1","ミラーダンジョン オロイン森 1-2","[840]G28.rmd"
"841","330","350","1","ミラーダンジョン テンドペンド平原 / トワイライト滝付近 1-1","[841]G31.rmd"
"842","330","350","1","ミラーダンジョン テンドペンド平原 / トワイライト滝付近 1-2","[842]G31.rmd"
"843","200","200","1","ミラーダンジョン捨てられた地下墓地B1 1-1","[843]D01_01.rmd"
"844","200","200","1","ミラーダンジョン捨てられた地下墓地B1 1-2","[844]D01_01.rmd"
"845","200","200","1","ミラーダンジョン捨てられた地下墓地 B1 1-3","[845]D01_01.rmd"
"846","200","200","1","ミラーダンジョン捨てられた地下墓地B1 1-4","[846]D01_01.rmd"
"847","200","200","1","ミラーダンジョン捨てられた地下墓地B1 1-5","[847]D01_01.rmd"
"848","250","250","1","ミラーダンジョン捨てられた地下墓地 Ｂ２ 1-1","[848]D01_02.rmd"
"849","250","250","1","ミラーダンジョン捨てられた地下墓地 Ｂ２ 1-2","[849]D01_02.rmd"
"850","250","250","1","ミラーダンジョン捨てられた地下墓地 Ｂ２ 1-3","[850]D01_02.rmd"
"851","250","250","1","ミラーダンジョン捨てられた地下墓地 Ｂ２ 1-4","[851]D01_02.rmd"
"852","250","250","1","ミラーダンジョン捨てられた地下墓地 Ｂ２ 1-5","[852]D01_02.rmd"
"853","250","250","1","ミラーダンジョン捨てられた地下墓地B3 1-1","[853]D01_03.rmd"
"854","250","250","1","ミラーダンジョン捨てられた地下墓地B3 1-2","[854]D01_03.rmd"
"855","250","250","1","ミラーダンジョン捨てられた地下墓地B3 1-3","[855]D01_03.rmd"
"856","250","250","1","ミラーダンジョン捨てられた地下墓地B3 1-4","[856]D01_03.rmd"
"857","250","250","1","ミラーダンジョン捨てられた地下墓地B3 1-5","[857]D01_03.rmd"
"858","163","185","1","ミラーダンジョン忘れられた地下収容所 B1 1-1","[858]G16_D03_B03.rmd"
"859","163","185","1","ミラーダンジョン忘れられた地下収容所 B1 1-2","[859]G16_D03_B03.rmd"
"860","163","185","1","ミラーダンジョン忘れられた地下収容所 B1 1-3","[860]G16_D03_B03.rmd"
"861","163","185","1","ミラーダンジョン忘れられた地下収容所 B1 1-4","[861]G16_D03_B03.rmd"
"862","163","185","1","ミラーダンジョン忘れられた地下収容所 B1 1-5","[862]G16_D03_B03.rmd"
"863","210","175","1","ミラーダンジョン忘れられた地下収容所 Ｂ２ 1-1","[863]G16_D03_B03.rmd"
"864","210","175","1","ミラーダンジョン忘れられた地下収容所 Ｂ２ 1-2","[864]G16_D03_B03.rmd"
"865","210","175","1","ミラーダンジョン忘れられた地下収容所 Ｂ２ 1-3","[865]G16_D03_B03.rmd"
"866","210","175","1","ミラーダンジョン忘れられた地下収容所 Ｂ２ 1-4","[866]G16_D03_B03.rmd"
"867","210","175","1","ミラーダンジョン忘れられた地下収容所 Ｂ２ 1-5","[867]G16_D03_B03.rmd"
"868","163","185","1","ミラーダンジョン忘れられた地下収容所 Ｂ３ 1-1","[868]G16_D03_B03.rmd"
"869","163","185","1","ミラーダンジョン忘れられた地下収容所 Ｂ３ 1-2","[869]G16_D03_B03.rmd"
"870","163","185","1","ミラーダンジョン忘れられた地下収容所 Ｂ３ 1-3","[870]G16_D03_B03.rmd"
"871","163","185","1","ミラーダンジョン忘れられた地下収容所 Ｂ３ 1-4","[871]G16_D03_B03.rmd"
"872","163","185","1","ミラーダンジョン忘れられた地下収容所 Ｂ３ 1-5","[872]G16_D03_B03.rmd"
"873","30","30","3","協会ガイド事務所","[873]T10.rmd"
"874","200","200","1","静寂の砂丘 - 月の谷","[874]D00.rmd"
"875","200","200","1","静寂の砂丘 - 星の谷","[875]D01.rmd"
"876","100","80","3","黄金色の小麦畑亭客室","[876]D10.rmd"
"877","100","100","3","協会長邸宅","[877]D11.rmd"
"878","200","300","1","神獣の野原","[878]PlainOfDivineAnimals.rmd"
"879","200","200","1","生命の森中心部","[879]ForestOfLife_Center.rmd"
"880","200","250","1","枯渇した生命の森","[880]ForestOfLife_OutSkirts.rmd"
"881","200","200","1","死の荒れ地","[881]WasteLandOfDeath.rmd"
"882","150","150","1","墓地","[882]Graveyard.rmd"
"883","90","90","3","ハミングトーンのアルケミー工房","[883]Harmington_workshop.rmd"
"884","100","100","3","捨てられた実験室","[884]abandoned_lab.rmd"
"885","200","350","1","生命の森外郭","[885]G02.rmd"
"886","300","300","1","干からびた影の砂漠","[886]G03.rmd"
"888","180","180","1","ハノブ / 地下決闘場","[888]Guild_vs_10.rmd"
"889","180","180","1","ハノブ / 地下決闘場","[889]Guild_vs_10.rmd"
"890","150","150","1","バヘル大河 / ２粒の涙","[890]Guild_vs_00.rmd"
"891","170","150","1","デフヒルズ / 砂漠の遺跡","[891]Guild_vs_01.rmd"
"892","150","150","1","エルベルグ山脈 / 岩の谷","[892]Guild_vs_02.rmd"
"893","160","130","1","ソゴム山脈 / 赤い丘","[893]Guild_vs_03.rmd"
"894","160","110","1","ナラダ平原 / ２つの丘","[894]Guild_vs_04.rmd"
"895","150","150","1","バヘル大河 / ２粒の涙","[895]Guild_vs_05.rmd"
"896","170","150","1","デフヒルズ / 砂漠の遺跡","[896]Guild_vs_06.rmd"
"897","150","150","1","エルベルグ山脈 / 岩の谷","[897]Guild_vs_07.rmd"
"898","160","130","1","ソゴム山脈 / 赤い丘","[898]Guild_vs_08.rmd"
"899","200","200","1","廃墟スバイン要塞","[899]Guild_vs_09.rmd"
"900","100","150","2","決戦都市ヒルドブラント","[900]Duel_standby_0.rmd"
"901","60","65","2","1 vs 1 決戦待機所","[901]Duel_Standby_1.rmd"
"902","60","65","2","2 vs 2 決戦待機所","[902]Duel_Standby_2.rmd"
"903","60","65","2","3 vs 3 決戦待機所","[903]Duel_Standby_3.rmd"
"904","60","65","2","4 vs 4 決戦待機所","[904]Duel_Standby_4.rmd"
"905","60","65","2","5 vs 5 決戦待機所","[905]Duel_Standby_5.rmd"
"906","60","65","2","決戦大会の予選待機所","[906]Duel_Standby_6.rmd"
"908","150","150","1","墓地","[908]Graveyard_Hunting.rmd"
"909","200","200","1","ミラーダンジョン静寂の砂丘-月の谷1-1","[909]D00.rmd"
"910","200","200","1","ミラーダンジョン静寂の砂丘-月の谷1-2","[910]D00.rmd"
"911","200","200","1","ミラーダンジョン静寂の砂丘-月の谷1-3","[911]D00.rmd"
"912","200","200","1","ギルド攻城戦フィールド","[912]GB_LV02.rmd"
"913","200","200","1","ギルド攻城戦フィールド","[913]GB_LV02.rmd"
"914","200","200","1","ギルド攻城戦フィールド","[914]GB_LV02.rmd"
"915","200","200","1","ギルド攻城戦フィールド","[915]GB_LV02.rmd"
"916","200","200","1","ギルド攻城戦フィールド","[916]GB_LV02.rmd"
"917","200","200","1","ギルド攻城戦フィールド","[917]GB_LV02.rmd"
"918","200","200","1","ギルド攻城戦フィールド","[918]GB_LV02.rmd"
"919","200","200","1","ギルド攻城戦フィールド","[919]GB_LV02.rmd"
"920","200","200","1","ギルド攻城戦フィールド","[920]GB_LV02.rmd"
"921","200","200","1","ギルド攻城戦フィールド","[921]GB_LV02.rmd"
"922","200","200","1","ギルド攻城戦フィールド","[922]GB_LV02.rmd"
"923","200","200","1","ギルド攻城戦フィールド","[923]GB_LV02.rmd"
"924","200","200","1","ギルド攻城戦フィールド","[924]GB_LV02.rmd"
"925","200","200","1","ギルド攻城戦フィールド","[925]GB_LV02.rmd"
"926","200","200","1","ギルド攻城戦フィールド","[926]GB_LV02.rmd"
"927","200","200","1","ギルド攻城戦フィールド","[927]GB_LV02.rmd"
"928","200","200","1","ギルド攻城戦フィールド","[928]GB_LV02.rmd"
"929","200","200","1","ギルド攻城戦フィールド","[929]GB_LV02.rmd"
"930","200","200","1","ギルド攻城戦フィールド","[930]GB_LV02.rmd"
"931","200","200","1","ギルド攻城戦フィールド","[931]GB_LV02.rmd"
"932","190","200","1","ギルド攻城戦フィールド","[932]GB_LV03.rmd"
"933","190","200","1","ギルド攻城戦フィールド","[933]GB_LV03.rmd"
"934","190","200","1","ギルド攻城戦フィールド","[934]GB_LV03.rmd"
"935","190","200","1","ギルド攻城戦フィールド","[935]GB_LV03.rmd"
"936","190","200","1","ギルド攻城戦フィールド","[936]GB_LV03.rmd"
"937","190","200","1","ギルド攻城戦フィールド","[937]GB_LV03.rmd"
"938","190","200","1","ギルド攻城戦フィールド","[938]GB_LV03.rmd"
"939","200","200","1","ギルド攻城戦フィールド","[939]GB_LV04.rmd"
"940","200","200","1","ギルド攻城戦フィールド","[940]GB_LV04.rmd"
"941","200","200","1","ギルド攻城戦フィールド","[941]GB_LV05.rmd"
"942","40","40","3","[ランク1]ギルドホール","[942]GH_LV01.rmd"
"943","10","10","3","ギルドホール","[943]GH_LV02.rmd"
"944","10","10","3","ギルドホール","[944]GH_LV02.rmd"
"945","10","10","3","ギルドホール","[945]GH_LV02.rmd"
"946","10","10","3","ギルドホール","[946]GH_LV02.rmd"
"947","10","10","3","ギルドホール","[947]GH_LV02.rmd"
"948","10","10","3","ギルドホール","[948]GH_LV02.rmd"
"949","10","10","3","ギルドホール","[949]GH_LV02.rmd"
"950","10","10","3","ギルドホール","[950]GH_LV02.rmd"
"951","10","10","3","ギルドホール","[951]GH_LV02.rmd"
"952","10","10","3","ギルドホール","[952]GH_LV02.rmd"
"953","10","10","3","ギルドホール","[953]GH_LV02.rmd"
"954","10","10","3","ギルドホール","[954]GH_LV02.rmd"
"955","10","10","3","ギルドホール","[955]GH_LV02.rmd"
"956","10","10","3","ギルドホール","[956]GH_LV02.rmd"
"957","10","10","3","ギルドホール","[957]GH_LV02.rmd"
"958","10","10","3","ギルドホール","[958]GH_LV02.rmd"
"959","10","10","3","ギルドホール","[959]GH_LV02.rmd"
"960","10","10","3","ギルドホール","[960]GH_LV02.rmd"
"961","10","10","3","ギルドホール","[961]GH_LV02.rmd"
"962","10","10","3","ギルドホール","[962]GH_LV02.rmd"
"963","10","10","3","ギルドホール","[963]GH_LV02.rmd"
"964","10","10","3","ギルドホール","[964]GH_LV02.rmd"
"965","10","10","3","ギルドホール","[965]GH_LV02.rmd"
"966","10","10","3","ギルドホール","[966]GH_LV02.rmd"
"967","10","10","3","ギルドホール","[967]GH_LV02.rmd"
"968","10","10","3","ギルドホール","[968]GH_LV02.rmd"
"969","10","10","3","ギルドホール","[969]GH_LV02.rmd"
"970","10","10","3","ギルドホール","[970]GH_LV03.rmd"
"971","10","10","3","ギルドホール","[971]GH_LV03.rmd"
"972","10","10","3","ギルドホール","[972]GH_LV03.rmd"
"973","10","10","3","ギルドホール","[973]GH_LV03.rmd"
"974","10","10","3","ギルドホール","[974]GH_LV03.rmd"
"975","10","10","3","ギルドホール","[975]GH_LV03.rmd"
"976","10","10","3","ギルドホール","[976]GH_LV03.rmd"
"977","10","10","3","ギルドホール","[977]GH_LV03.rmd"
"978","10","10","3","ギルドホール","[978]GH_LV03.rmd"
"979","50","50","3","イベントマップ","[979]WORD_Q.rmd"
"980","10","10","3","ギルドホール","[980]GH_LV04.rmd"
"981","10","10","3","ギルドホール","[981]GH_LV04.rmd"
"982","10","10","3","ギルドホール","[982]GH_LV05.rmd"
"983","60","60","1","エルン山脈の戦闘","[983]Guild_savana cliff_0.rmd"
"984","60","60","1","エルン山脈の戦闘","[984]Guild_savana cliff_1.rmd"
"985","60","60","1","湿地の戦場","[985]Guild_savana_0.rmd"
"986","42","39","3","イベントフィールド","[986]Word_Q.rmd"
"987","100","100","1","Noname Map 02","[987]monsterworld.rmd"
"988","100","100","1","Noname Map 02","[988]monsterworld.rmd"
"989","54","50","3","○ / ×　クイズ　マップ","[989]OX_Q.rmd"
"990","150","150","1","バヘル大河 / ２粒の涙","[990]Guild_vs_00.rmd"
"991","170","150","1","デフヒルズ / 砂漠の遺跡","[991]Guild_vs_01.rmd"
"992","150","150","1","エルベルグ山脈 / 岩の谷","[992]Guild_vs_02.rmd"
"993","160","130","1","ソゴム山脈 / 赤い丘","[993]Guild_vs_03.rmd"
"994","160","110","1","ナラダ平原 / ２つの丘","[994]Guild_vs_04.rmd"
"995","150","150","1","バヘル大河 / ２粒の涙","[995]Guild_vs_05.rmd"
"996","170","150","1","デフヒルズ / 砂漠の遺跡","[996]Guild_vs_06.rmd"
"997","150","150","1","エルベルグ山脈 / 岩の谷","[997]Guild_vs_07.rmd"
"998","160","130","1","ソゴム山脈 / 赤い丘","[998]Guild_vs_08.rmd"
"999","200","200","1","廃墟スバイン要塞","[999]Guild_vs_09.rmd"
"1000","200","200","1","ミラーダンジョン静寂の砂丘-星の谷1-1","[1000]D01.rmd"
"1001","200","200","1","ミラーダンジョン静寂の砂丘-星の谷1-2","[1001]D01.rmd"
"1002","200","200","1","ミラーダンジョン静寂の砂丘-星の谷1-3","[1002]D01.rmd"
"1003","200","200","1","ミラーダンジョン 死の荒れ地1-1","[1003]WasteLandOfDeath.rmd"
"1004","200","200","1","ミラーダンジョン 死の荒れ地1-2","[1004]WasteLandOfDeath.rmd"
"1005","200","200","1","ミラーダンジョン 死の荒れ地1-3","[1005]WasteLandOfDeath.rmd"
"1006","200","200","1","ミラーダンジョン 死の荒れ地1-4","[1006]WasteLandOfDeath.rmd"
"1007","400","400","1","ヤティカヌ月の出森林","[1007]YatikanuForest_1.rmd"
"1008","400","400","1","ヤティカヌ日の出森林","[1008]YatikanuForest_2.rmd"
"1009","400","400","1","ヤティカヌ星降る森林","[1009]YatikanuForest_3.rmd"
"1010","200","200","2","ガレリオン野営地","[1010]T21.rmd"
"1011","130","130","1","メガンテリオンの巣","[1011]YatikanuRaid01.rmd"
"1012","130","130","1","アリドネ生息地","[1012]YatikanuRaid02.rmd"
"1013","130","130","1","アリドネ生息地","[1013]SYatikanuRaid02.rmd"
"1014","100","100","3","荒野の小さい隠れ場","[1014]D12.rmd"
"1015","200","200","1","涼しい洞窟","[1015]CoolCave.rmd"
"1016","200","200","1","寂しい群島","[1016]LonelyIsland.rmd"
"1017","130","100","1","捨てられた地下墓地B2のメリス・リング","[1017]Hidden_layers_D01_02.rmd"
"1018","130","100","1","捨てられた地下墓地B3のメリス・リング","[1018]Hidden_layers_D01_03.rmd"
"1019","80","90","3","冒険家協会ブルンネンシュティグ本部？","[1019]T01_I01.rmd"
"1020","200","200","1","デフヒルズ西部峡谷","[1020]D03.rmd"
"1021","200","200","1","デフヒルズ峡谷の深い所","[1021]D04.rmd"
"1022","100","100","1","聖なる懺悔の部屋 ３Ｆ","[1022]confession_repetitive.rmd"
"1023","150","150","3","シェイット士官学校","[1023]L02.rmd"
"1024","200","200","1","ウエストスワンプ大空洞 B1","[1024]WestSwamp_Cave_B1.rmd"
"1025","400","400","1","ヤティカヌ微風の森林","[1025]YatikanuForest_4.rmd"
"1026","400","400","1","ヤティカヌ夜影の森林","[1026]YatikanuForest_5.rmd"
"1027","400","400","1","ヤティカヌ暁の森林","[1027]YatikanuForest_6.rmd"
"1028","100","100","3","ロングテール倉庫","[1028]L03.rmd"
"1029","300","300","1","ミラーダンジョンアメンアイランド 1-3","[1029]G01.rmd"
"1030","300","300","1","ミラーダンジョンアメンアイランド 1-4","[1030]G01.rmd"
"1031","300","300","1","ミラーダンジョンアメンアイランド 1-5","[1031]G01.rmd"
"1032","200","220","1","ミラーダンジョン海底神殿B1 1-3","[1032]D01.rmd"
"1033","200","220","1","ミラーダンジョン海底神殿B1 1-4","[1033]D01.rmd"
"1034","200","220","1","ミラーダンジョン海底神殿B1 1-5","[1034]D01.rmd"
"1035","180","200","1","ミラーダンジョン海底神殿B2 1-3","[1035]D02.rmd"
"1036","180","200","1","ミラーダンジョン海底神殿B2 1-4","[1036]D02.rmd"
"1037","180","200","1","ミラーダンジョン海底神殿B2 1-5","[1037]D02.rmd"
"1038","163","185","1","ミラーダンジョン忘れられた地下収容所 B1 1-6","[1038]G16_D03_B03.rmd"
"1039","163","185","1","ミラーダンジョン忘れられた地下収容所 B1 1-7","[1039]G16_D03_B03.rmd"
"1040","163","185","1","ミラーダンジョン忘れられた地下収容所 B1 1-8","[1040]G16_D03_B03.rmd"
"1041","210","175","1","ミラーダンジョン忘れられた地下収容所B2 1-6","[1041]G16_D03_B03.rmd"
"1042","210","175","1","ミラーダンジョン忘れられた地下収容所B2 1-7","[1042]G16_D03_B03.rmd"
"1043","210","175","1","ミラーダンジョン忘れられた地下収容所B2 1-8","[1043]G16_D03_B03.rmd"
"1044","163","185","1","ミラーダンジョン忘れられた地下収容所 B3 1-6","[1044]G16_D03_B03.rmd"
"1045","163","185","1","ミラーダンジョン忘れられた地下収容所 B3 1-7","[1045]G16_D03_B03.rmd"
"1046","163","185","1","ミラーダンジョン忘れられた地下収容所 B3 1-8","[1046]G16_D03_B03.rmd"
"1047","200","200","1","ミラーダンジョン捨てられた地下墓地B1 1-6","[1047]D01_01.rmd"
"1048","200","200","1","ミラーダンジョン捨てられた地下墓地B1 1-7","[1048]D01_01.rmd"
"1049","200","200","1","ミラーダンジョン捨てられた地下墓地B1 1-8","[1049]D01_01.rmd"
"1050","250","250","1","ミラーダンジョン捨てられた地下墓地B2 1-6","[1050]D01_02.rmd"
"1051","250","250","1","ミラーダンジョン捨てられた地下墓地B2 1-7","[1051]D01_02.rmd"
"1052","250","250","1","ミラーダンジョン捨てられた地下墓地B2 1-8","[1052]D01_02.rmd"
"1053","250","250","1","ミラーダンジョン捨てられた地下墓地B3 1-6","[1053]D01_03.rmd"
"1054","250","250","1","ミラーダンジョン捨てられた地下墓地B3 1-7","[1054]D01_03.rmd"
"1055","250","250","1","ミラーダンジョン捨てられた地下墓地B3 1-8","[1055]D01_03.rmd"
"1056","100","130","1","ミラーダンジョン古代悪魔研究所 1-6","[1056]BF_D02.rmd"
"1057","100","130","1","ミラーダンジョン古代悪魔研究所 1-7","[1057]BF_D02.rmd"
"1058","100","130","1","ミラーダンジョン古代悪魔研究所 1-8","[1058]BF_D02.rmd"
"1059","200","200","1","ミラーダンジョン静寂の砂丘-星の谷 1-4","[1059]D01.rmd"
"1060","200","200","1","ミラーダンジョン静寂の砂丘-星の谷 1-5","[1060]D01.rmd"
"1061","200","200","1","ミラーダンジョン静寂の砂丘-星の谷 1-6","[1061]D01.rmd"
"1062","200","200","1","ミラーダンジョン死の荒れ地 1-5","[1062]WasteLandOfDeath.rmd"
"1063","200","200","1","ミラーダンジョン死の荒れ地 1-6","[1063]WasteLandOfDeath.rmd"
"1064","200","200","1","ミラーダンジョン死の荒れ地 1-7","[1064]WasteLandOfDeath.rmd"
"1065","400","400","1","ミラーダンジョンヤティカヌ月の出森林 1-1","[1065]YatikanuForest_1.rmd"
"1066","400","400","1","ミラーダンジョンヤティカヌ月の出森林 1-2","[1066]YatikanuForest_1.rmd"
"1067","400","400","1","ミラーダンジョンヤティカヌ月の出森林 1-3","[1067]YatikanuForest_1.rmd"
"1068","400","400","1","ミラーダンジョンヤティカヌ日の出森林 1-1","[1068]YatikanuForest_2.rmd"
"1069","400","400","1","ミラーダンジョンヤティカヌ日の出森林 1-2","[1069]YatikanuForest_2.rmd"
"1070","400","400","1","ミラーダンジョンヤティカヌ日の出森林 1-3","[1070]YatikanuForest_2.rmd"
"1071","400","400","1","ミラーダンジョンヤティカヌ星降る森林 1-1","[1071]YatikanuForest_3.rmd"
"1072","400","400","1","ミラーダンジョンヤティカヌ星降る森林 1-2","[1072]YatikanuForest_3.rmd"
"1073","400","400","1","ミラーダンジョンヤティカヌ星降る森林 1-3","[1073]YatikanuForest_3.rmd"
"1074","400","400","1","ミラーダンジョンヤティカヌ微風の森林 1-1","[1074]YatikanuForest_4.rmd"
"1075","400","400","1","ミラーダンジョンヤティカヌ微風の森林 1-2","[1075]YatikanuForest_4.rmd"
"1076","400","400","1","ミラーダンジョンヤティカヌ微風の森林 1-3","[1076]YatikanuForest_4.rmd"
"1077","400","400","1","ミラーダンジョンヤティカヌ夜影の森林 1-1","[1077]YatikanuForest_5.rmd"
"1078","400","400","1","ミラーダンジョンヤティカヌ夜影の森林 1-2","[1078]YatikanuForest_5.rmd"
"1079","400","400","1","ミラーダンジョンヤティカヌ夜影の森林 1-3","[1079]YatikanuForest_5.rmd"
"1080","400","400","1","ミラーダンジョンヤティカヌ暁の森林 1-1","[1080]YatikanuForest_6.rmd"
"1081","400","400","1","ミラーダンジョンヤティカヌ暁の森林 1-2","[1081]YatikanuForest_6.rmd"
"1082","400","400","1","ミラーダンジョンヤティカヌ暁の森林 1-3","[1082]YatikanuForest_6.rmd"
